date,VIX_level,VIX_change,OIL_level,OIL_change,USD_level,USD_change,TLT_level,TLT_change
1990-01-01,24.265891094689934,,59.63995845067563,,95.07400570162645,,100.0987406344744,
1990-02-01,20.572690755528583,-0.1521971859491914,59.55653668453969,-0.0013987562752065807,95.22343120565893,0.001571675695472674,100.15840236111934,0.0005960287438862011
1990-03-01,20.846072991293838,0.013288598901035176,62.284446012301274,0.04580369308932175,94.9580760241717,-0.0027866584739434375,100.23988197168902,0.0008135074906236994
1990-04-01,26.4787393729815,0.2702027563675946,57.755475581650245,-0.07271430863744943,95.26991174345663,0.0032839304705958305,100.26856945337549,0.00028618830272142404
1990-05-01,31.6562576444643,0.19553492326624355,55.66136543517808,-0.03625820972613547,95.42059186394951,0.0015816128905277171,100.33840150815948,0.000696450095625023
1990-06-01,21.169596819408163,-0.33126659957197846,53.07504974532429,-0.04646518585437409,95.31573009679029,-0.001098942745070497,100.3943804630014,0.0005579016009873428
1990-07-01,22.59605495582275,0.06738239507267418,60.52079172633853,0.14028704667714753,95.32144382358312,5.994526598107619e-05,100.46380170928015,0.0006914853795461084
1990-08-01,22.171673616788723,-0.018781213794342833,61.17672557917289,0.01083815717085046,95.99711224507355,0.007088315014834645,100.52222816625464,0.0005815672508946435
1990-09-01,20.431860772019657,-0.07847007288848296,63.178235880008955,0.0327168589342981,96.4608080707059,0.004830310149836148,100.55781511847022,0.0003540207262091588
1990-10-01,25.103830381188747,0.22866099477180768,68.22114817243902,0.07982040369103993,96.92595560231489,0.004822140109670636,100.59064225646205,0.00032645039028689204
1990-11-01,21.94490106072434,-0.12583455482680095,69.27390470220182,0.01543152758293953,96.65966286837252,-0.0027473831161898277,100.64861484334654,0.0005763218683572102
1990-12-01,22.182717039387406,0.010836958344218495,69.02400016543847,-0.003607484489832835,96.29596324468712,-0.0037626825181531487,100.68877238276258,0.0003989875019994038
1991-01-01,23.602106450218052,0.06398627401279988,67.09615416749752,-0.027930082193443395,95.82541624026372,-0.004886466561715985,100.75508347039865,0.0006585747950524912
1991-02-01,20.00751227030732,-0.15229971898874828,65.792673202369,-0.01942705928978483,96.02182003224128,0.002049600196727619,100.79029706582561,0.0003494969604913578
1991-03-01,20.58990687450704,0.029108796552584915,65.63910943893451,-0.0023340556928299616,95.67374642507706,-0.003624942820781296,100.83934018028809,0.000486585672333506
1991-04-01,43.09904089324866,1.0932120361656823,64.59051786856698,-0.015975103552297032,95.36293593998418,-0.0032486496735681936,100.89907220571463,0.0005923484358361097
1991-05-01,35.88706560670437,-0.16733493685874645,63.56451359331714,-0.015884750720494556,95.72144560589416,0.0037594235367879314,100.95416535506962,0.0005460223582895996
1991-06-01,22.384472994494242,-0.37625234562748955,72.16803696794952,0.13535104554842237,95.17044140696639,-0.0057563296859971524,101.00991682172945,0.0005522453329562804
1991-07-01,22.309111562031774,-0.0033666833470238355,66.18574230961065,-0.08289396399954263,95.33273214028289,0.0017052640601140645,101.06475026557746,0.0005428520839669826
1991-08-01,20.351503222491036,-0.08774927383806808,56.92728966075194,-0.13988590783719768,94.97132986792657,-0.0037909568334253407,101.07818097207472,0.0001328920960272928
1991-09-01,35.36486524888234,0.7377028547846824,58.65033653026322,0.03026750227842334,95.01144575675615,0.00042239999045357024,101.08087577466507,2.6660576639248035e-05
1991-10-01,28.17739819524146,-0.2032375071432806,64.87114093248869,0.10606596262266232,95.72824165940953,0.007544311076883359,101.15461960089132,0.0007295527038233551
1991-11-01,25.57100635341231,-0.09249937924606921,63.683036326744705,-0.018314840600390236,95.83877672761156,0.0011546756347546872,101.23278767923657,0.0007727583639152158
1991-12-01,21.428314703147525,-0.16200737636248597,67.4714050925835,0.05948787910176634,95.76608082593536,-0.0007585228459542348,101.2988153152089,0.0006522356786375916
1992-01-01,21.36114158851166,-0.0031347829060022203,74.95218094103781,0.11087327791957624,95.70587226335198,-0.0006287044647135254,101.36812713430376,0.0006842312901604863
1992-02-01,37.493424300557756,0.7552163186223284,73.94581846176605,-0.013426727103023506,95.64328413451409,-0.0006539633081830143,101.4115320695219,0.00042819115283276865
1992-03-01,22.02947634557935,-0.4124442683873065,74.93793528273696,0.01341680762494879,95.48638620906937,-0.0016404489543045964,101.40970982539203,-1.7968805841706015e-05
1992-04-01,21.980004382159215,-0.0022457167226338504,71.27816672493253,-0.0488373284371435,94.98668611318173,-0.005233207745379831,101.45245072470345,0.0004214675240172827
1992-05-01,20.60539944282572,-0.06253888377061645,68.44989582388723,-0.039679344054397436,94.73025315105752,-0.002699672686955923,101.52878023251195,0.0007523673135862996
1992-06-01,24.969437747907296,0.21179100736147216,66.67754314310152,-0.025892700923106582,95.14779456646096,0.004407688162066048,101.5711734711794,0.00041754898040125
1992-07-01,20.722364258685374,-0.17009087397564138,70.0218890010762,0.050157004897393165,95.52949118223113,0.004011618109587944,101.612966780019,0.000411468209052801
1992-08-01,24.047046476089935,0.16043932902159486,76.76653022307437,0.09632189759825671,95.72619117050891,0.0020590498896573273,101.67687680000637,0.0006289553588738617
1992-09-01,21.113078826631238,-0.12200948055620686,79.91637011348195,0.041031421913358734,95.720758492482,-5.675226351820051e-05,101.71769704315808,0.00040147026970549504
1992-10-01,28.84385403988061,0.366160486432612,76.07729549914745,-0.048038651015842815,95.91745129018389,0.0020548604169003948,101.76080719048146,0.0004238215037948301
1992-11-01,22.004710871079812,-0.2371092004329497,72.61664936765284,-0.045488553566331635,96.00223908503187,0.0008839663033941569,101.79617909638901,0.00034759851935284303
1992-12-01,23.929182595023786,0.08745726018482958,71.02340077558726,-0.02194054126621947,96.19256912089294,0.0019825582994212887,101.84151598834347,0.0004453692894654804
1993-01-01,20.302768658202996,-0.1515477564860458,71.13964405720253,0.001636689884543241,96.66471157601588,0.0049083048663516315,101.90020200808075,0.0005762484893094832
1993-02-01,20.35619347716032,0.0026314055908693845,73.85239466535447,0.038132754866901486,97.04909578993723,0.003976468844259395,101.98120030242272,0.0007948786434746058
1993-03-01,20.60407356125141,0.012177133429646991,67.20219590413441,-0.09004716490716291,96.95573881275567,-0.0009619561771458951,102.06101830745612,0.0007826737162996977
1993-04-01,40.64363739200684,0.9726020328544343,62.56642232590192,-0.06898247171633409,96.70180312628115,-0.0026190887675553443,102.10180677743192,0.0003996478837093864
1993-05-01,27.3869397277253,-0.3261690762669943,70.70683859555089,0.13010838668777325,96.08748975676446,-0.006352656823931935,102.14814986847085,0.000453890998618256
1993-06-01,30.188827713048216,0.10230745067461533,72.92534617848803,0.03137613881490564,95.87504579084248,-0.002210943031811463,102.21117826178603,0.0006170292207576811
1993-07-01,20.792029936376508,-0.3112673955408418,74.92473989576253,0.02741699315874202,95.85626162241026,-0.0001959234363568818,102.2525375466858,0.00040464541748885807
1993-08-01,21.316860596784686,0.025241915388451996,68.76758881526916,-0.08217781054774931,95.8244433353731,-0.00033193749160065344,102.25818593196698,5.52395609605405e-05
1993-09-01,23.931253880444242,0.12264438620262386,73.52935983965094,0.06924440868754833,95.82116490978946,-3.421283202420522e-05,102.34490782700135,0.0008480679981166528
1993-10-01,20.595863744390332,-0.1393738143733233,76.1275180426177,0.035334976513228034,95.95582597596247,0.0014053373938813785,102.37525291457723,0.0002964982647419845
1993-11-01,20.072471044342027,-0.025412515179940476,69.70112368419267,-0.0844161812135712,96.26714116325023,0.0032443594135258547,102.42829026549275,0.0005180680819394379
1993-12-01,28.72219949082242,0.43092494329035547,64.31265447027334,-0.0773082115337741,95.81765916999976,-0.004669111264956283,102.4762568167616,0.000468293975663725
1994-01-01,20.10754388990686,-0.2999302196082926,67.33351562128463,0.04697148913994198,95.53037858736597,-0.002998200802673434,102.52921216634697,0.0005167572590014657
1994-02-01,20.99552360923506,0.04416152087943126,61.58206271116339,-0.08541738623110251,95.24379479547466,-0.00299992312528341,102.57082526248257,0.0004058657552941103
1994-03-01,20.504213981894875,-0.02340068466423384,64.4629354442325,0.046781036656423636,95.45830098517752,0.002252180209361576,102.62407072551646,0.0005191092388856511
1994-04-01,23.535925198819022,0.147857958349495,62.22306084493793,-0.034746704968660724,96.01356284153526,0.005816800117194321,102.63911859050762,0.00014663095007616533
1994-05-01,25.433588968669884,0.0806283905909968,65.40226216425631,0.051093618284723474,96.08593276446189,0.0007537468747624843,102.6923465979511,0.0005185937698455323
1994-06-01,26.73307061553242,0.05109312918689102,69.7004945460052,0.06571993444131907,96.23045721603599,0.0015041166528337868,102.72875887469999,0.00035457634337099364
1994-07-01,21.456380390972278,-0.19738436711771845,78.24344945629444,0.12256663264635148,96.09012374183426,-0.0014583062188583407,102.77320024624578,0.00043260886272356025
1994-08-01,30.462717743346527,0.4197510105741622,70.47646031868177,-0.09926695706266353,95.80970425742642,-0.0029182966312047975,102.83795604075792,0.000630084441828993
1994-09-01,20.48331800537624,-0.32759387465190704,64.04929799297436,-0.09119587301412346,95.6207899353268,-0.0019717660498359546,102.88782235605535,0.00048490185158556187
1994-10-01,27.668787312110535,0.3507961603119343,63.74618987470763,-0.0047324190547720635,96.1109163617619,0.005125730782673976,102.95568271018756,0.0006595567150537995
1994-11-01,23.294289742788937,-0.15810225146394097,71.53351198878416,0.12216137355632406,96.10987169717313,-1.0869364566512552e-05,102.9992654219391,0.0004233152615209512
1994-12-01,40.140164431741226,0.7231761463844226,74.0069385054749,0.03457717156510598,96.05888644919938,-0.000530489189855543,103.09232892739506,0.0009035356230426839
1995-01-01,20.189987114052933,-0.49701284486798203,68.04975900696257,-0.08049487816701983,96.26039693773188,0.0020977808090569816,103.13130867634554,0.00037810523203840596
1995-02-01,22.258482560981573,0.10245154864357975,72.31331324012157,0.06265348026761952,96.30105892878647,0.0004224166152244635,103.16949815004024,0.00037029951607170375
1995-03-01,39.9713770516105,0.7957817628448349,72.12537860280445,-0.0025988940195987853,96.63754191409102,0.0034940735755912833,103.2120046650826,0.0004120066085864238
1995-04-01,29.048320175807177,-0.273271968131086,78.08915061618424,0.08268617966253422,96.6501467863696,0.00013043452915839637,103.27130326090898,0.000574531964753433
1995-05-01,20.189560325126795,-0.30496633874403445,73.01298899224523,-0.06500469762936523,96.74973834044779,0.0010304335522461905,103.30847024480097,0.0003598965319349112
1995-06-01,22.091404283897447,0.09419937473347173,77.34567079593347,0.05934124685880793,96.91650951964215,0.0017237377801220255,103.37427364924751,0.0006369603991871475
1995-07-01,20.47033680320851,-0.07338001060758914,83.75011121757467,0.08280282988996879,96.75100906872616,-0.0017076600440552037,103.41832731727034,0.0004261569776278229
1995-08-01,20.02017283872331,-0.02199103848719486,79.4401498639348,-0.051462156777834056,96.643655844962,-0.0011095824715161573,103.4729975676178,0.000528632127067219
1995-09-01,26.98057357528318,0.3476693629286236,80.24344724154561,0.010111982152434251,96.84618997560183,0.002095679523596905,103.51162398066617,0.00037329944967656736
1995-10-01,24.98410403754854,-0.07399655652849424,82.42119898496324,0.027139309417530955,96.89871052715073,0.0005423089081988408,103.5915209457715,0.0007718646663321671
1995-11-01,22.241951257318476,-0.10975589823468912,83.50816652415642,0.01318796077440565,96.74267599180709,-0.001610284951107932,103.61870288573259,0.000262395413378691
1995-12-01,20.067606350751415,-0.0977587299518794,79.77549250461193,-0.04469831125396262,96.75329600046108,0.00010977584137616958,103.64713960964059,0.0002744362080979723
1996-01-01,20.491713580512545,0.021133922120474935,84.52455063306093,0.05953028905681079,97.5240157268689,0.00796582399016299,103.71811833911839,0.0006848112716388854
1996-02-01,26.451555813344847,0.2908415740546004,80.58195748950821,-0.04664435497170938,97.48413956020184,-0.0004088856100710192,103.76730062192951,0.00047419181526509036
1996-03-01,21.094772776257326,-0.2025129665297425,81.16469905218658,0.007231663027722268,97.26328943677429,-0.002265498002279265,103.83109010230329,0.0006147358560111282
1996-04-01,20.54463973308081,-0.026079116803557345,83.57807019406309,0.02973424616932019,97.4006608158893,0.0014123661651841424,103.90934741018312,0.0007536982208578014
1996-05-01,23.027956542571122,0.12087419598269689,85.40556163927637,0.021865681284216842,97.91073098525366,0.0052368245255391965,103.97522446171644,0.0006339858075834481
1996-06-01,21.536096609338315,-0.06478472939945179,88.2890072718244,0.033761801657914425,97.86676485196926,-0.00044904305015369683,104.01014263165668,0.0003358316379793447
1996-07-01,21.339697657682876,-0.00911952408173533,80.27326291056947,-0.09078983453258271,97.80715537088244,-0.0006090880921321151,104.06150436558853,0.0004938146668420629
1996-08-01,28.631289888896237,0.3416914498124666,70.18354320005896,-0.12569215881695528,97.6900570995332,-0.001197236244170452,104.07649808268553,0.00014408514645647408
1996-09-01,21.602749580914466,-0.24548458470631374,71.36069035218743,0.016772409862138238,97.311298062966,-0.003877150324329337,104.1167738849663,0.00038698268122727697
1996-10-01,25.914044842652615,0.1995715983092763,73.03905589206103,0.023519468934371845,97.29142010302806,-0.00020427186085913984,104.15425893144823,0.00036002888951713885
1996-11-01,22.173333637836453,-0.14435072670165427,79.49668092053145,0.08841331462462576,97.6274244353262,0.0034535864718834297,104.18753327279708,0.00031947173058721745
1996-12-01,21.69889317201741,-0.02139689383510024,78.60229367606135,-0.011250623725588826,97.76266460718568,0.0013852682547113027,104.22159706452527,0.0003269469067761488
1997-01-01,20.66259330267363,-0.04775819029701367,77.99478906018125,-0.007728840819630212,97.80446655183277,0.00042758597891179306,104.26966600828928,0.0004612186448673672
1997-02-01,23.52933698968384,0.13874074977022688,71.37672530255442,-0.08485263999522186,97.30506734287577,-0.005106098183075725,104.32515603488729,0.0005321780410574295
1997-03-01,20.29774873950001,-0.13734293710021173,73.28230928043494,0.026697553996811507,97.20748223105251,-0.001002878005103236,104.31900032084907,-5.90050786615226e-05
1997-04-01,23.410108822998335,0.15333523552006456,79.85986989771001,0.0897564593946436,96.88034550249162,-0.0033653451468201867,104.3930494605126,0.0007098336778130765
1997-05-01,22.754585796609057,-0.02800170778126787,78.17686084790095,-0.021074527819351263,96.08313752207955,-0.008228789609256326,104.43658530442897,0.0004170377639254319
1997-06-01,22.25460980305653,-0.02197253766873819,80.38813313690433,0.028285508845201424,95.91026876420733,-0.0017991581283708369,104.48263531163815,0.0004409375036051877
1997-07-01,24.70013220740102,0.10988835239019168,85.86517420536288,0.06813245754980923,96.09795858093874,0.0019569314021299355,104.54169476232369,0.0005652561357145647
1997-08-01,20.620376857226116,-0.16517139729934183,91.32254403845928,0.0635574303971489,95.81659299262047,-0.002927903906317475,104.63906041916842,0.000931357168697966
1997-09-01,31.854221991814175,0.5447933959873927,95.66742299367519,0.04757728774382497,95.56587453747872,-0.00261664965650632,104.73516122253287,0.0009184027740642975
1997-10-01,22.071032648025714,-0.3071237886865522,100.42017535339843,0.04967994549239041,96.0983819674931,0.0055721504416885725,104.77308795746929,0.0003621203662047545
1997-11-01,20.028087311685017,-0.09256229053348985,85.3477581959078,-0.15009351561524187,96.30743031813144,0.0021753576528380503,104.84355520770421,0.000672570138082973
1997-12-01,22.85584337221926,0.1411895213221106,77.05680320172259,-0.09714320761834305,96.69439090458566,0.004017972291192606,104.90004684603234,0.0005388184158408027
1998-01-01,32.235959227886084,0.41040340113058926,78.85323326752916,0.023313062457364087,97.09678459993376,0.004161499871747187,104.94983045534028,0.0004745813829902801
1998-02-01,24.298512516845687,-0.24622958029348851,71.39064507020319,-0.09463896264097738,97.30035811357057,0.0020966040685650444,104.98278367795753,0.00031399024156852917
1998-03-01,24.29582941381187,-0.00011042252203530278,75.90541087993029,0.06324029997610214,97.28853294619792,-0.0001215326192206545,105.02551361390843,0.00040701850773916526
1998-04-01,25.045319378541105,0.030848502924669008,73.44049704608037,-0.03247349306558667,97.4335345391978,0.0014904284051653338,105.08582542077629,0.0005742586233814517
1998-05-01,25.65934326461375,0.02451651251845255,66.49556617362815,-0.09456541216074033,97.8772531870115,0.004554064982988049,105.14048317100041,0.0005201248598967201
1998-06-01,20.15540131133439,-0.21450049974076024,70.56945886438994,0.06126562905148236,97.95975444158894,0.0008429052909750823,105.23923239825794,0.0009392122261500102
1998-07-01,30.892493560684436,0.532715379043931,67.77678028818451,-0.039573473017158745,98.00932396504184,0.0005060192702142086,105.27313417558048,0.00032214010450259956
1998-08-01,24.22163419553939,-0.21593787345268767,63.47865936088344,-0.06341583222197356,98.0758715301556,0.0006789921858607606,105.32407115737051,0.0004838554697637054
1998-09-01,36.859251575284205,0.5217491634842761,66.95811018524361,0.0548129223173901,98.35603430978075,0.002856592302001859,105.37592985792344,0.00049237273097269
1998-10-01,20.41187760349129,-0.44622105085881947,66.07668243805203,-0.01316386834624006,98.20742720781875,-0.0015109098593173442,105.44958065512745,0.0006989337821579067
1998-11-01,23.349417178621028,0.14391324660046423,60.7568966792311,-0.08050927441474265,98.71693646099112,0.005188092872998151,105.50438648944503,0.0005197349669585627
1998-12-01,21.7341394466777,-0.0691785032399993,55.95669713569296,-0.07900666106896492,99.0089338507894,0.0029579259675838188,105.56618910064685,0.0005857823855315303
1999-01-01,21.808523476323845,0.0034224511087104226,48.65649136584669,-0.13046169884086511,98.81659964492998,-0.0019425944546507257,105.6008681468598,0.00032850523930427755
1999-02-01,35.40964677705374,0.6236608964149171,56.06814389467693,0.15232607861307224,99.3549681254892,0.0054481583306214,105.66000732162024,0.0005600254600008903
1999-03-01,24.571690845211,-0.3060735397921558,62.07319645689877,0.10710275291977256,98.84747142575596,-0.005107914675109626,105.70415001904695,0.0004177805637695098
1999-04-01,35.6498269952791,0.45084956586238434,62.331522025801334,0.004161628265461292,98.15244452650461,-0.007031306812672278,105.76471724947585,0.0005729881978899787
1999-05-01,21.057530433642988,-0.4093230680633734,59.29577546949479,-0.04870323164978918,98.33633462022779,0.0018735151692887975,105.85531000307174,0.000856549858514688
1999-06-01,25.9757326124695,0.2335602550510314,61.521207755672386,0.03753104278604957,98.10778875438272,-0.002324124309978637,105.92251531511045,0.0006348789875232352
1999-07-01,26.45953155730583,0.01862503560743023,60.66442560116992,-0.013926614670913606,97.92181275655602,-0.0018956292888457904,105.95995066061437,0.00035342198391496993
1999-08-01,20.850758518265103,-0.21197552295637945,64.25249725775282,0.05914622319466423,98.0817672646929,0.0016334921059371066,105.99963539566916,0.00037452579778851636
1999-09-01,20.314070237222086,-0.025739508736475014,67.13184167278291,0.04481295728443713,98.41212816766303,0.003368219315202481,106.04872485641359,0.000463109713171983
1999-10-01,21.76682058674331,0.07151448885213108,67.43661744633165,0.0045399584750600575,99.08913885280924,0.006879341985093657,106.10872736349458,0.0005658013065432677
1999-11-01,31.420253484360302,0.4434930153968486,66.23473675025005,-0.017822375166401283,99.23722229772311,0.0014944467842619158,106.1723916801336,0.0005999913317302763
1999-12-01,20.2950192607584,-0.3540784363544228,68.9962702670405,0.04169313040683331,99.02366838191607,-0.002151953781680316,106.20380979229729,0.00029591602549894347
2000-01-01,22.387383958763916,0.10309744825180944,69.04980764765799,0.0007759460099838744,99.20183915503218,0.0017992746181543229,106.27976367509869,0.0007151709806827444
2000-02-01,23.331411618094716,0.04216784154279196,61.633872422707036,-0.10739979556195745,99.10555424225603,-0.0009705960453583184,106.3317318415856,0.000488975179186335
2000-03-01,25.435632559179364,0.09018832531558929,62.95508978210849,0.021436546292922687,98.93997608321149,-0.0016707253222135732,106.36563071321132,0.00031880296726694013
2000-04-01,20.895383658357517,-0.17849954744621965,71.10580334072364,0.129468698826819,99.26840100250031,0.003319436008480503,106.38071350087104,0.00014180132772767529
2000-05-01,20.860322248776928,-0.001677950027328845,69.4777396797905,-0.022896354227682436,99.65606827760499,0.003905243473146136,106.4107286691996,0.00028214859010433635
2000-06-01,20.758367579474253,-0.004887492536633897,70.71676561770839,0.017833423246471636,99.09170584226179,-0.005663101556155015,106.42291672419225,0.0001145378397937602
2000-07-01,20.40387197395975,-0.017077239053471027,69.26267123557562,-0.020562229754589323,99.4017907457166,0.003129272029572361,106.49563002901527,0.0006832485620693607
2000-08-01,22.450398444308703,0.10030088764332645,70.5761302390467,0.018963447121520316,99.44662266700323,0.00045101723973273167,106.54832682081984,0.000494825860837711
2000-09-01,21.737441737588487,-0.03175697342248973,69.27777092537795,-0.018396578407899544,99.60205614769352,0.0015629840061111011,106.60632973575228,0.0005443812837153672
2000-10-01,22.188636943562187,0.02075659184831724,79.99096438988606,0.15464113988378392,99.30022125773426,-0.003030408222814973,106.63285679510363,0.00024883193537483805
2000-11-01,36.54040345962527,0.6468070369787677,82.1543324245491,0.02704515505174454,98.97429057211501,-0.003282275522561995,106.62843499790087,-4.146749262534666e-05
2000-12-01,28.00681733589187,-0.23353836618586998,82.36701989112542,0.0025888770597906063,98.821748468486,-0.0015412295733290282,106.67488861710157,0.00043565882966967173
2001-01-01,20.596432056095388,-0.2645921952116913,83.87754089300802,0.018338905594487143,98.97587432513771,0.0015596349896689343,106.71809372954237,0.0004050167101263824
2001-02-01,21.4058989959941,0.039301318679569874,84.41739123262757,0.006436172709309185,98.91474615984986,-0.0006176067218870429,106.75995964439699,0.000392303810829997
2001-03-01,20.710683898446092,-0.032477734183372076,91.13769029001502,0.07960799260982188,98.79345503322526,-0.0012262188534416518,106.80865367897559,0.00045610765253933927
2001-04-01,22.428956372892667,0.08296551107979089,88.07147291201386,-0.033643790710999544,99.05776717375689,0.00267540132534827,106.85466761118684,0.00043080715491039534
2001-05-01,21.377312408127235,-0.046887779675582,84.50947530391208,-0.040444396923625,98.80456725833754,-0.0025560834111595376,106.85812849726035,3.238872153077388e-05
2001-06-01,36.55871521724097,0.7101642395113272,87.09709769320364,0.03061931670958762,98.21341154049668,-0.0059830808862834095,106.91064925678316,0.0004914999004885789
2001-07-01,26.555135348341594,-0.2736305094272493,86.24815019366247,-0.009747138791370014,98.33858189545677,0.0012744731396330256,106.97629722636641,0.0006140451867013841
2001-08-01,20.5780240023153,-0.22508306840166692,83.49075965893906,-0.03197043100091934,97.9664439595558,-0.0037842516002171145,107.02130539113205,0.00042073025457578517
2001-09-01,22.414433911653962,0.08924131438140237,75.16733739988133,-0.09969273597532258,98.00451417932365,0.0003886046918633035,107.02512397578833,3.568060249614646e-05
2001-10-01,20.01403382686803,-0.10709171127172168,75.17610053135336,0.00011658164004679783,98.3175200602089,0.0031937904443108955,107.07239751433902,0.00044170505760288137
2001-11-01,25.099704774215596,0.2541052439174085,72.62533194066407,-0.03393057863682958,98.04164842577441,-0.002805925477631588,107.10392586529245,0.00029445825147611515
2001-12-01,20.454149043147662,-0.18508407859204046,77.57411321391815,0.06814125513804625,97.8500154881211,-0.001954607462545832,107.16114008678677,0.0005341935044125279
2002-01-01,24.969143273553122,0.22073732917860145,72.75357173020802,-0.06214110975934739,97.41613242511161,-0.004434164479638403,107.25584760051576,0.0008837859848476182
2002-02-01,21.74601206714813,-0.12908457335093582,74.70452067505506,0.0268158510771368,97.37307587898508,-0.0004419857887464351,107.27397198168734,0.00016898268557885565
2002-03-01,25.518847862410965,0.1734955256905466,74.57306283044927,-0.00175970401011738,97.11779153899948,-0.002621713832916761,107.28384939966831,9.207655686194194e-05
2002-04-01,30.89060900543144,0.21050171120511396,71.62368278547781,-0.03955020664334563,96.54145117046963,-0.005934446813469996,107.34908654383172,0.0006080798230903017
2002-05-01,27.907816255404395,-0.09655985576401505,77.50770617942167,0.0821519246862421,96.43946894199264,-0.0010563569041126541,107.35942043835593,9.626439177923274e-05
2002-06-01,24.177068362791708,-0.13368111135855076,84.2097669767337,0.0864696057679415,96.7088203193398,0.002792957907194138,107.42715470559943,0.0006309112602038702
2002-07-01,21.930205416278376,-0.09293363913265984,82.98920935557905,-0.01449425244807867,96.29823806945163,-0.004245551217897048,107.4765425717155,0.0004597335399174618
2002-08-01,26.094161628840535,0.18987310576996852,82.19882644443854,-0.009523923860438321,96.33841061414009,0.000417168013598479,107.51278475218862,0.00033721014470611266
2002-09-01,27.549340032769557,0.0557664363633239,72.91847500941965,-0.11290126436649128,96.10215348651326,-0.002452366881711354,107.52801742868509,0.00014168246624413072
2002-10-01,30.61146511983268,0.11115057868612332,77.26374903582216,0.059590851644129694,95.51513229627776,-0.006108304225647565,107.56910966761177,0.0003821537856767421
2002-11-01,25.466004034123344,-0.1680893438313632,76.78520216745346,-0.006193679110067851,95.90244518890891,0.004054989856787872,107.61094630111562,0.0003889279518360933
2002-12-01,20.255273450794398,-0.20461516366473487,82.23956211072073,0.07103399860004767,96.01015182625758,0.0011230854138963853,107.66768230762118,0.000527232669683908
2003-01-01,22.13731150426807,0.09291595386483698,80.53764883938344,-0.020694580900685877,96.01940886843727,9.641732674725567e-05,107.74744791737844,0.0007408500679837449
2003-02-01,36.19331102787481,0.634946096363,83.2848891194894,0.0341112550427789,95.75966259511732,-0.002705143432780832,107.77958375007987,0.0002982514511720158
2003-03-01,20.057527860965266,-0.4458222447369442,85.61162158292936,0.027937030210867908,95.17245448828795,-0.006132102922210003,107.84587879880928,0.0006150983926895837
2003-04-01,20.566502173813895,0.0253757250832074,88.18479886115779,0.0300564015801974,95.4111629794666,0.0025081678565725962,107.91385697670115,0.0006303270801724103
2003-05-01,39.09433192689902,0.900874130005223,86.50006455779594,-0.019104588603919948,95.16731477118319,-0.002555761827742198,107.95204600287236,0.0003538843596282426
2003-06-01,20.81112917377358,-0.46766888835221665,83.84580041883991,-0.03068511165309651,95.68511342393684,0.0054409295250015255,107.98867155900021,0.0003392761645932829
2003-07-01,23.012637595312803,0.10578515001067745,79.0590758141243,-0.05708961666301959,95.43673837565376,-0.002595754338322709,108.05180133831176,0.0005845963136703602
2003-08-01,28.69346157214219,0.24685670876711896,80.22050304883459,0.01469062498834317,95.29895029848136,-0.0014437634763884155,108.05656932794352,4.4126887036588514e-05
2003-09-01,35.94206668438907,0.25262219039073264,76.70702494575725,-0.04379775705144218,95.22355500163535,-0.0007911450924681374,108.11231056547751,0.0005158523714077212
2003-10-01,20.24602914785165,-0.4367038121198181,79.26014216150462,0.03328400778876217,95.11663767150543,-0.0011228033875450016,108.13283065364858,0.00018980343740437888
2003-11-01,22.049479037118285,0.08907672097557962,70.9173664379959,-0.10525814736124306,95.21332176084938,0.0010164792586324634,108.17197659069399,0.0003620171303089226
2003-12-01,21.53334437712393,-0.023408020621507153,77.25824979847569,0.0894122790927907,95.16094495466517,-0.0005500995576623868,108.22181743322668,0.0004607555866458224
2004-01-01,28.001405821831636,0.3003742164444778,79.87499621798312,0.03387012294911007,95.17303211729195,0.00012701810214843512,108.25812803982497,0.00033552020710336805
2004-02-01,22.142576418031823,-0.20923340210411523,80.44658970283272,0.007156100305653723,94.96796580056221,-0.0021546683148333523,108.2975106510567,0.00036378433605688265
2004-03-01,24.70134007424287,0.11555853338400657,77.15353121961124,-0.04093471824456385,95.39238805191196,0.004469109638939317,108.34092041214178,0.0004008380324176386
2004-04-01,24.100797997665175,-0.02431212536537264,73.69576012439128,-0.0448167574518098,95.3895286692829,-2.997495594214694e-05,108.41625643586418,0.0006953607504516235
2004-05-01,25.70857621845983,0.06671058032810406,71.82694417600774,-0.025358527345795245,95.2642643301136,-0.0013131875261024328,108.42045896205369,3.876287862780714e-05
2004-06-01,23.523293685077576,-0.08500208314971291,74.99645679717494,0.0441270703846246,95.26613237602176,1.9609093937722477e-05,108.50322518286484,0.0007633819447316892
2004-07-01,29.909925085261598,0.2715024301310107,76.15315378199283,0.015423355105243619,94.95126349235511,-0.0033051502754812834,108.57038209311169,0.0006189393000408661
2004-08-01,20.146980351516035,-0.32641154084857094,78.22232611841908,0.027171196906037087,94.79975179527581,-0.0015956785776894966,108.58205275358179,0.00010749396147557988
2004-09-01,21.478437102488286,0.06608716183475405,82.58429096877568,0.055763681122869224,94.84646089063958,0.0004927132664296341,108.64223754475947,0.0005542793643278365
2004-10-01,23.74579674418169,0.10556446127221841,85.68204923163815,0.037510260444491905,94.90197086813154,0.0005852614527808164,108.68229803932402,0.00036873775310497514
2004-11-01,24.11828396136334,0.015686448477367554,89.66517245392284,0.046487254424978364,95.4098972911959,0.005352116699137266,108.71163017697722,0.00026988882442102735
2004-12-01,27.880678139283194,0.15599759020778925,89.67196916087201,7.580096890658083e-05,95.37196564225874,-0.00039756513751809663,108.7626061284225,0.0004689098246646317
2005-01-01,20.657739795478797,-0.25906609257209756,85.25249956734662,-0.04928485049321085,95.45785780626818,0.0009006018008648198,108.8226274124782,0.000551855883122343
2005-02-01,21.729780515487615,0.05189535402335976,91.7865172825532,0.0766431218834227,95.14563030603242,-0.0032708412634759876,108.88043908782416,0.0005312468254128344
2005-03-01,22.97973878620728,0.057522820804783326,97.92239219322028,0.06684941418769119,95.4975302063747,0.0036985397985216384,108.8969821519816,0.00015193788981782141
2005-04-01,22.220376449218552,-0.03304486374077098,90.45814310955548,-0.07622617173134771,95.40055590106088,-0.0010154640136164073,108.93049923634895,0.00030778708192813475
2005-05-01,31.555604354161066,0.42012015081188303,89.67715505769253,-0.008633695375739436,95.97567292517171,0.00602844520850887,108.96580450012966,0.00032410816096706263
2005-06-01,24.372062167333638,-0.22764711162567774,100.37378295045838,0.11927929566771289,95.42924111904752,-0.005693440738365196,109.02377666824634,0.0005320216592958893
2005-07-01,28.580768187324352,0.1726856755532049,106.39640948303847,0.06000198812425639,95.8352130103831,0.004254166611564525,109.08896617323785,0.0005979384220917705
2005-08-01,26.836253315025473,-0.06103806800660372,111.38514957250703,0.04688823724135038,95.75274987148259,-0.0008604680504187279,109.13325367219227,0.00040597597087943527
2005-09-01,27.219663624188563,0.014287028247286004,101.29905885251787,-0.09055148517283751,95.66829269208787,-0.0008820339834425539,109.20024771283974,0.0006138737588516907
2005-10-01,32.10561659429061,0.17950085781957204,99.88933827837502,-0.013916423213716889,95.30954066587435,-0.003749957442725327,109.25255614490355,0.00047901385902870963
2005-11-01,24.830769839601047,-0.22659109297353475,96.68647352758734,-0.032064130226409415,95.47615593793795,0.0017481489355581914,109.3112110456238,0.0005368744017528737
2005-12-01,20.835693088258516,-0.16089218244740167,96.45468409616443,-0.0023973304948057272,95.81935587857984,0.0035946141449703095,109.34514724908846,0.000310454921686798
2006-01-01,41.337979514610915,0.9839982927136701,96.28133811689557,-0.0017971753356844644,95.40684256404862,-0.004305114668626597,109.42797194192713,0.0007574610755243238
2006-02-01,26.422132124902845,-0.3608267158881353,101.18277839323582,0.050907479810774925,95.4593975735595,0.0005508515751959653,109.49828682366366,0.0006425677136177033
2006-03-01,29.537512518732797,0.11790798634655641,99.04377148501476,-0.021140029382352488,95.2266906259321,-0.0024377583930181856,109.5580883506513,0.0005461412111766872
2006-04-01,22.288154528197108,-0.24542885884307697,98.3058480934703,-0.007450477505858144,95.29594419769563,0.0007272495905121801,109.57588200649278,0.00016241298209340727
2006-05-01,26.641700501180978,0.19533003360489665,94.32489994785468,-0.04049553737464828,95.36333463000223,0.0007071699942107212,109.63612006729959,0.0005497383156198854
2006-06-01,25.864121207951065,-0.029186548853945893,87.8363799304546,-0.06878904744120695,94.97298974648758,-0.004093238612398964,109.70161423403685,0.0005973776406631437
2006-07-01,29.718712142717223,0.14903235659061131,89.66142194966632,0.020777746312595324,94.40039953808964,-0.006028979501712661,109.76324898926693,0.0005618400026328185
2006-08-01,20.89695666552107,-0.2968417822021263,94.74220774702067,0.05666635311903234,94.32632682884963,-0.0007846652090717221,109.79233215757516,0.0002649627136226407
2006-09-01,21.49631872524434,0.028681786985383706,94.74056214555429,-1.7369253952459474e-05,94.5400459545723,0.002265742056408726,109.82870498116864,0.000331287466790231
2006-10-01,34.649325390843586,0.6118725179745743,101.2383337013611,0.06858489551522795,94.16054464735623,-0.00401418577052981,109.92153588043966,0.0008452334868824796
2006-11-01,29.021621812023223,-0.16241884987196709,99.4632432778379,-0.01753377755860208,94.12795435738428,-0.00034611407669749017,109.94775300372747,0.0002385076143434084
2006-12-01,26.084999678439097,-0.10118738892695267,101.97104592062429,0.025213360837039733,94.29325574498823,0.0017561349200931886,109.97643577629258,0.0002608763870248776
2007-01-01,24.956893533393497,-0.04324731297497586,92.93684045048889,-0.08859579097744819,94.07916655292688,-0.0022704613428593534,110.03270502980304,0.0005116482736804429
2007-02-01,20.393853080937646,-0.18283687616610977,94.66266401586819,0.01856985407523859,93.69917622338673,-0.004039048638110332,110.11186531414103,0.0007194250501842969
2007-03-01,36.4844592279465,0.788992942292446,102.65023836290655,0.08437935304355482,93.56136501024778,-0.0014707836151129916,110.15971750395558,0.000434577960132021
2007-04-01,22.004748108547282,-0.39687339283099465,99.54955666840408,-0.030206278562553535,93.77452677955306,0.0022783097412262254,110.21639683343275,0.0005145195608833308
2007-05-01,20.625575992042368,-0.06267611470495338,101.85708486762681,0.023179693375320776,93.74753509250536,-0.00028783602514093065,110.27948228713369,0.0005723781171713682
2007-06-01,30.58706574480006,0.48296783355776207,103.72692690307159,0.018357505890481907,94.11164434395286,0.003883934133182443,110.28970837322588,9.27288184537911e-05
2007-07-01,36.450281244705295,0.19168937448346135,102.40702882949529,-0.012724739014100761,93.71425283183389,-0.004222554125891342,110.32421805913971,0.00031290032789876854
2007-08-01,21.481429292530297,-0.4106649233152171,103.52293152853075,0.010896739333131178,94.40671308725544,0.007389060196255848,110.36236574909537,0.00034577802251201106
2007-09-01,21.392561328590133,-0.004136966992744129,102.70142536705127,-0.007935499404333135,94.48148727039434,0.0007920430729304595,110.4050884788632,0.0003871132109016795
2007-10-01,28.335564228656075,0.3245522026755605,99.5084160884764,-0.031090213861815208,94.24642649667923,-0.002487902979791068,110.43740318609386,0.00029269219087524334
2007-11-01,23.920489084489436,-0.1558139131636428,99.45059056861493,-0.0005811118509820856,94.64457288985145,0.0042245250878159,110.48292280473882,0.0004121757423818373
2007-12-01,26.680827699395003,0.11539641205310591,98.14543963252453,-0.013123611721439943,94.48656010918795,-0.0016695387367576808,110.57166714967332,0.0008032403803377441
2008-01-01,20.471918007906243,-0.23271053512442375,98.5986350483685,0.00461759015539398,94.25703390934582,-0.002429194158162673,110.62599936283118,0.000491375544553474
2008-02-01,29.766781575848434,0.4540299333141389,88.53068905778234,-0.10211039925296361,94.09078724458062,-0.001763758712427621,110.7018669152325,0.0006858021878970444
2008-03-01,22.605673035550623,-0.2405738262986431,86.7285240584156,-0.02035638735614609,93.29838767746047,-0.008421648817331984,110.75333526683295,0.0004649275846437817
2008-04-01,29.16537426135643,0.2901794260002677,91.62580641674793,0.056466801568464176,93.49315282248254,0.002087551027091683,110.80685526155253,0.0004832359638708983
2008-05-01,27.4906724822304,-0.057420891092248905,94.68053807175542,0.03333920621787967,93.41655770806743,-0.0008192590805077282,110.856451297336,0.0004475899588196608
2008-06-01,20.416378047516854,-0.2573343536534537,100.1883179063448,0.058172248983367814,93.25639464872158,-0.0017145039731218947,110.9283373751836,0.000648460933092565
2008-07-01,21.517919083408675,0.053953793044393406,99.9452029627801,-0.0024265797514633203,92.9095849197564,-0.0037188841609365753,110.96902845137612,0.0003668230963824737
2008-08-01,25.521714795168016,0.18606797879663262,104.65822360442786,0.04715604653284755,93.33190821747722,0.004545529915837676,111.01589438234905,0.00042233343507613874
2008-09-01,28.156184538588832,0.10322463692445916,112.08519520244037,0.07096405176992038,93.28858884169084,-0.0004641432561889314,111.03260518827233,0.00015052624686084926
2008-10-01,23.21232780006584,-0.1755868850677299,110.0410491274124,-0.018237431547814764,93.14015925057704,-0.0015910798196945297,111.09618620392453,0.0005726337371296797
2008-11-01,20.330914404568464,-0.12413289267305638,109.64554981066945,-0.0035941071071126096,93.35493760523406,0.0023059693733096243,111.12750981606014,0.00028195038196998645
2008-12-01,22.86341174694369,0.12456386820487331,123.10902447221501,0.12279089014368227,93.16225433658121,-0.0020639858329468685,111.19013911114769,0.0005635804778780784
2009-01-01,26.68848871855508,0.16730123281459575,121.09421471004352,-0.016366060658909887,92.973122980337,-0.0020301285922184054,111.25125363857425,0.0005496398144215764
2009-02-01,20.877982469613244,-0.21771582161196346,112.66461869361547,-0.06961188060562984,93.21254496764458,0.002575174196936647,111.30427952552074,0.00047663181503332375
2009-03-01,26.547741856348644,0.27156644062650326,119.81298150462385,0.06344816051299929,93.40181198298465,0.002030488657999596,111.35304180706989,0.0004380988921270923
2009-04-01,24.904696909482492,-0.06189019600072809,120.63893643485173,0.006893701499248728,93.55847387940449,0.0016772896916430469,111.38816431946083,0.0003154158325715528
2009-05-01,23.96531668838913,-0.03771899832821057,114.03218353989755,-0.054764681206568855,93.71654475289672,0.001689540956984592,111.42769645930323,0.00035490431217666263
2009-06-01,22.058285695898267,-0.07957462099446377,108.40955399621637,-0.04930739173045762,93.69352881054571,-0.0002455910257008753,111.46703429512726,0.0003530346320890221
2009-07-01,24.62788791907116,0.11649147438736418,110.19102423891368,0.016432779003587417,93.38950097258608,-0.003244918211741221,111.53043077134784,0.0005687464156687305
2009-08-01,22.48562696606404,-0.0869851673861246,103.95739789245947,-0.05657108997315974,93.34411016879149,-0.0004860375451402055,111.58788038025052,0.0005151025465011116
2009-09-01,20.63601391361476,-0.08225757081360319,100.42040219436078,-0.034023511263311934,93.8509719250728,0.005430034689545726,111.6330589650619,0.0004048699971486158
2009-10-01,20.783701515294887,0.007156789208340619,93.92532894103763,-0.06467882134899361,93.74335482076921,-0.0011466807652189548,111.70063375755217,0.000605329578144076
2009-11-01,28.283025375651654,0.360827153663555,94.41301148342689,0.0051922367255736734,94.03230271708439,0.003082329375427406,111.7713864744055,0.000633413745949829
2009-12-01,20.88559426385051,-0.2615502059468312,94.25772450963574,-0.001644762425763835,93.80784877363587,-0.0023869876304511983,111.76085650245406,-9.420990723640887e-05
2010-01-01,23.842749050273287,0.1415882521255869,86.16917595166927,-0.0858131108091792,93.8822814146628,0.0007934585645017478,111.79341357186227,0.00029131012795602373
2010-02-01,21.88690968198614,-0.08203078278277354,93.09374713356912,0.08036018803038947,93.6539993299759,-0.0024315779425790884,111.87023969515386,0.0006872151125629777
2010-03-01,20.213024334160288,-0.07647883470746586,88.6322080004374,-0.047925228820474786,93.7045999122511,0.0005402928079656366,111.93285078035665,0.0005596759725678968
2010-04-01,20.76274439069291,0.02719632883455181,86.74214492412278,-0.02132478834675189,93.5346652236993,-0.001813514904400959,111.97509330797315,0.00037739168905304155
2010-05-01,21.87895614013695,0.0537603184068669,96.23202083582557,0.10940328856294701,92.99975002314828,-0.005718897900278019,112.03898765189355,0.0005706121069679604
2010-06-01,30.28098647443519,0.384023363842515,95.35044323331527,-0.00916095905347647,92.88722483035095,-0.001209951561905509,112.10799651535038,0.0006159361567175115
2010-07-01,22.243022097116715,-0.2654459221169875,92.92903015874563,-0.025394880112351692,93.15344502012225,0.002866058171697272,112.17560804793241,0.0006030928629856547
2010-08-01,20.84771867909958,-0.06272993894107604,90.33487410046081,-0.02791545390986394,92.943460624733,-0.0022541774525234315,112.20760313682287,0.00028522322675339495
2010-09-01,22.239272725310492,0.06674850460285553,94.0492924991498,0.04111832153059969,92.76879704495359,-0.0018792454961907845,112.24640189026714,0.0003457765103223043
2010-10-01,24.016126241165995,0.079897105350629,91.42225406681534,-0.02793256985275261,92.62153792475112,-0.0015873777055781524,112.30861999375487,0.0005542993132960916
2010-11-01,22.226210169514033,-0.07452975778349591,82.36369592591477,-0.09908482604552915,92.46941292639349,-0.001642436540853276,112.36231942487534,0.0004781416700112562
2010-12-01,23.656088941269324,0.06433299968145478,76.40434666627353,-0.07235407776020164,92.69931483418083,0.002486248160463056,112.41959562673362,0.0005097456349374418
2011-01-01,32.316641029001104,0.3661024486859694,73.44473822671173,-0.03873612652548497,92.73184816761632,0.00035095548973251844,112.42649036507446,6.133039620359604e-05
2011-02-01,29.341607649967024,-0.09205886763925342,72.66164492790693,-0.010662347197528566,92.64240905739439,-0.000964491833056802,112.49511921864152,0.0006104331225158521
2011-03-01,22.594464666595606,-0.22995137362144513,65.33975850575948,-0.10076686853720485,92.28644682249599,-0.0038423248976381386,112.54434199616728,0.0004375547834221116
2011-04-01,28.55875149483715,0.26397115029059925,65.90306220503622,0.008621147554854991,92.7021277662895,0.004504246919301513,112.57974004424089,0.00031452534570619584
2011-05-01,27.904448579786084,-0.022910767481181704,63.59990091140459,-0.034947712846272405,92.64509067892169,-0.0006152726883636994,112.62110950765206,0.00036746810211951697
2011-06-01,22.833252608220292,-0.1817343194245865,58.7181634495962,-0.07675699791747648,92.53355106058684,-0.0012039452659332595,112.65598031473715,0.00030962940462520017
2011-07-01,20.670760521593984,-0.09470801745730173,57.37594128801638,-0.022858721777495372,92.1463776025554,-0.004184141358391624,112.73256190118565,0.0006797826998135026
2011-08-01,20.724767214846246,0.002612709541859548,65.87076776791717,0.14805554887994554,92.30832901853351,0.0017575451167124445,112.7670118291598,0.00030558986146655975
2011-09-01,26.57297476795913,0.28218447485979503,64.16087325693236,-0.02595832064701742,92.3630109860874,0.0005923838957468952,112.82559135719774,0.0005194739763672018
2011-10-01,21.008022502216658,-0.20942150114305302,63.37140800874594,-0.012304465449293533,92.35238404678391,-0.00011505622423990669,112.86262007521478,0.0003281943180764024
2011-11-01,20.76120824711174,-0.011748571531607799,67.15110106024446,0.05964350754171166,91.86264566053778,-0.0053029317142266885,112.89459268671146,0.0002832878722411891
2011-12-01,20.071947800959464,-0.03319943800709013,66.1349264309391,-0.01513265774143746,91.38155718289133,-0.0052370413913859215,112.93964461341336,0.00039906186496385665
2012-01-01,25.595651844482195,0.27519521763895227,68.14968330112715,0.030464339781067773,91.27509877210015,-0.0011649879261534934,113.00651178339812,0.0005920610978866758
2012-02-01,25.82509655852346,0.008964206711177258,69.97880173799744,0.026839720278495127,91.93823101593833,0.00726520434115252,113.03770416120031,0.00027602283540950623
2012-03-01,30.67127989818843,0.18765402594653646,63.99653033169194,-0.08548690828835981,91.89459222397349,-0.00047465337849794675,113.04835630934421,9.423535468044975e-05
2012-04-01,20.92511995602115,-0.31776176196491,66.35425300307442,0.03684141404483143,92.11917247816767,0.0024438897736964726,113.10588949472812,0.0005089254480310501
2012-05-01,23.78757046384653,0.13679493899396844,63.316359396116525,-0.045782952402721455,92.68584696265273,0.006151536854278161,113.13238887590593,0.0002342882523287404
2012-06-01,20.40294196595174,-0.1422855899907437,61.451679159232576,-0.029450212467495684,93.1075995303153,0.004550344863682554,113.18432152641101,0.00045904317075851075
2012-07-01,28.2881594839797,0.3864745354462482,61.118381345571315,-0.005423738101567932,93.16040765647115,0.0005671731031864358,113.26152745560464,0.0006821256526736708
2012-08-01,21.79971153481434,-0.22936974577083868,55.69477188417487,-0.08873941590060519,92.61590223323009,-0.00584481580682783,113.3233675643215,0.0005459939496321731
2012-09-01,24.963257819595018,0.14511872231558964,58.9339863497511,0.05816011729633508,92.69373011424759,0.000840329566962561,113.38386839608091,0.000533877814079986
2012-10-01,22.27265179645701,-0.10778264770498047,62.55670798571934,0.0614708398388113,92.90131723720434,0.002239494760874372,113.38505207206816,1.0439544919416122e-05
2012-11-01,25.144211178635054,0.1289275928353908,72.64585875095361,0.1612800783496704,93.02880667133822,0.0013723102957556854,113.42997148413498,0.0003961669659795497
2012-12-01,21.34146629440918,-0.15123739047566753,70.21338747541785,-0.03348396339941162,92.88674734522036,-0.0015270466342726108,113.49059317797214,0.0005344415857995166
2013-01-01,20.595957451331493,-0.03493240964764388,68.53568856131407,-0.023894288175330458,92.49393955309633,-0.004228889517081891,113.54074413935525,0.00044189531465810283
2013-02-01,23.70947039500436,0.15117107087787196,76.24831359632141,0.11253443566277732,92.67129959995704,0.0019175315455008946,113.59310107981737,0.0004611290938683066
2013-03-01,20.76104297673382,-0.12435652796748176,68.40047207800505,-0.10292478807944383,93.01319834295269,0.0036893703279392565,113.62640610396834,0.0002931958352607733
2013-04-01,29.58472981258148,0.4250117321049842,65.5561644038304,-0.041583158533335274,93.0143067331564,1.1916483074081441e-05,113.70117984555401,0.0006580665898845428
2013-05-01,22.63586185779899,-0.23488022364251404,72.22913972054889,0.10179020352094592,92.95424623499453,-0.000645712474470983,113.73234652423841,0.00027411042459490886
2013-06-01,21.74752245165354,-0.03924477944449811,68.40894320511453,-0.052889962835145465,93.05857195491696,0.0011223340960528905,113.77482424963424,0.0003734885166268853
2013-07-01,25.21656486399467,0.15951437319138684,79.1257010273324,0.15665726321900908,92.64198430342093,-0.004476617712314002,113.8015382908242,0.00023479747269350426
2013-08-01,23.705742022045452,-0.05991390382067607,76.90105249312529,-0.028115372190366417,92.4432016182955,-0.002145708413092362,113.8596002017501,0.0005102032169153059
2013-09-01,26.628445418121796,0.12329094754166903,71.92022248494165,-0.06476933470616564,92.41714385525837,-0.0002818786301314047,113.91986379910045,0.0005292798959735112
2013-10-01,21.134573879641,-0.2063158946087773,72.02136515873619,0.001406317587737238,91.99710963147007,-0.004544981658880842,113.9640766916962,0.00038810520941034987
2013-11-01,20.040565414996617,-0.05176392345900305,72.01192136184552,-0.00013112493591105334,92.20697199141064,0.002281184276128334,114.00292917403095,0.0003409186777325601
2013-12-01,23.93322457996609,0.19423898898863134,69.58373851742304,-0.033719178692946494,92.21779946143283,0.0001174257194260786,114.04959263186535,0.0004093180602682267
2014-01-01,22.439252936032844,-0.06242249718342652,67.36111167568032,-0.03194175663881871,92.41648506129057,0.0021545254931054636,114.15074265538597,0.0008868950882368054
2014-02-01,40.01286734479697,0.7831639698015305,67.84568852400605,0.007193718100419577,91.96853920826241,-0.004847034084136448,114.15375040955533,2.6348967158584813e-05
2014-03-01,20.32621168107695,-0.4920081206397211,65.70501580324375,-0.03155208189839298,92.05482879267608,0.0009382511145279437,114.19713603464014,0.00038006307220883606
2014-04-01,27.160328436279897,0.33622186280610733,61.171072509130084,-0.06900452330292017,91.77438791605142,-0.003046454817229094,114.26189073264219,0.0005670430997708475
2014-05-01,26.265718578748768,-0.03293810896395999,61.10985763588492,-0.0010007160367513368,91.86692931345974,0.001008357554974415,114.31555744512153,0.00046968164219252095
2014-06-01,24.107561157863685,-0.08216631935709606,60.49237787822771,-0.010104421472168834,91.56543436048246,-0.003281866012398771,114.35839873814317,0.0003747634528414867
2014-07-01,27.6699937985989,0.14777241950802544,53.12400061686543,-0.12180670556867446,91.64604408716859,0.0008803510544030946,114.41081475104994,0.0004583486082800903
2014-08-01,21.277026501689228,-0.23104332236002834,54.42121120248892,0.024418540971322455,92.37068848825605,0.007906990512304368,114.45078768678349,0.0003493807453476272
2014-09-01,27.413762794235762,0.28842076650416004,53.79223518905984,-0.011557552644111624,92.13217317902117,-0.002582153637029627,114.48072003848543,0.0002615303250150802
2014-10-01,21.64126484534925,-0.21056934037892394,59.851322451947524,0.11263869667419901,92.234232178442,0.0011077454910624063,114.52040270477993,0.00034663187199690526
2014-11-01,26.819907562386426,0.23929482652905443,57.557460545669706,-0.03832600203812497,92.36129458459739,0.0013776057235406203,114.59646123156253,0.0006641482651670305
2014-12-01,23.184534344162124,-0.13554756703646254,52.62604239512372,-0.08567817453713211,92.69451903732532,0.003607836531813957,114.66315999695976,0.000582031632394564
2015-01-01,24.230611637247833,0.0451196162733849,48.8517969992583,-0.07171820688182962,92.91828162196894,0.002413978592990196,114.70349660992038,0.0003517835454882601
2015-02-01,20.796934156586126,-0.1417082462492768,54.24114537515617,0.11032037114171467,93.16420400181207,0.002646652257772386,114.7537068200723,0.00043773914166433947
2015-03-01,25.55024560938157,0.22855827772528348,56.60739619007445,0.04362464690876666,92.7689017022399,-0.004243070649371683,114.80619570453487,0.00045740469669430794
2015-04-01,31.530871937503132,0.23407314432725412,56.18698471477726,-0.007426794086863531,92.63250591689916,-0.001470274874855404,114.87139655560821,0.0005679210139593049
2015-05-01,21.82171544403516,-0.30792540443259375,51.00553136389691,-0.0922180354967086,92.22930005531491,-0.004352746993004475,114.90125671230226,0.0002599442297159804
2015-06-01,34.67098019989993,0.5888292691204093,48.4557519496324,-0.04999025294086645,91.9146923879887,-0.0034111466436103077,114.97469628664524,0.0006391537955661164
2015-07-01,22.95807527702504,-0.33783022156693154,48.5101185814833,0.0011219851031805117,92.32562579239803,0.004470813030355458,115.01155809633698,0.0003206080196971328
2015-08-01,20.11425958076112,-0.12386995259614919,51.06658552996795,0.052699663971971455,92.26456208433103,-0.0006613950086220566,115.07326734577924,0.0005365482431824997
2015-09-01,23.307731159907288,0.15876654899097842,49.04774500378357,-0.03953349348175328,91.92207106471166,-0.0037120538144030935,115.13089356636968,0.0005007785206729842
2015-10-01,29.234954690792442,0.25430289590266275,54.90774385625955,0.1194753979418206,91.83495214215762,-0.0009477476034315258,115.15767212703713,0.00023259231156758098
2015-11-01,22.200719065529743,-0.24061045073136833,53.686379040152644,-0.02224394466660773,92.14198260834715,0.0033432855250390414,115.21866686758763,0.0005296628476756382
2015-12-01,20.67026755334269,-0.06893702441212046,59.11389609241593,0.10109672414680793,91.88957466499322,-0.0027393370123888205,115.292186979889,0.0006380920236288556
2016-01-01,20.01116564913744,-0.031886471837112906,52.58901748723101,-0.11037808428299534,91.79287842967584,-0.001052309096760018,115.38613954811373,0.0008149083705135673
2016-02-01,26.19052858907064,0.30879575174570384,55.39082224880723,0.05327737416384548,91.5231804697273,-0.00293811420409007,115.44788205110319,0.0005350946242872467
2016-03-01,20.805040985104593,-0.20562729712196115,53.76539679489609,-0.02934467097473248,91.24035621020563,-0.003090192649229495,115.49123651298706,0.00037553276087542997
2016-04-01,21.060939113354223,0.012299813705382245,44.52726213729987,-0.17182305364243478,91.37937987326134,0.0015237080260341873,115.53789103120126,0.00040396587328039857
2016-05-01,30.326113182511914,0.4399221715276158,47.6226157302638,0.06951592000917106,91.78135396268468,0.004398958386244711,115.61327586371424,0.0006524684831976657
2016-06-01,32.76764684268528,0.08050928404439639,44.869034705472764,-0.0578208689834977,91.58364133742622,-0.0021541698473837023,115.70136883340466,0.0007619624046832918
2016-07-01,21.148083736523535,-0.35460474662542263,49.650052380780835,0.10655494834447432,92.07943902006609,0.005413605261808563,115.76075259568807,0.0005132503001665789
2016-08-01,21.69003531635811,0.02562651002268379,44.29902612708187,-0.10777483601951454,91.82514705194359,-0.0027616585290781703,115.81301045875534,0.0004514298835787134
2016-09-01,22.292323131022442,0.027767949930911362,43.90546666291546,-0.008884156122019427,92.40636623708423,0.006329629777906742,115.87671998635018,0.0005501068260160835
2016-10-01,30.18779807581071,0.35417910005982134,45.42419671033044,0.034590910035760425,92.48162892299746,0.0008144751165750641,115.93857517103271,0.0005338016530829215
2016-11-01,20.03025810761958,-0.3364783328244898,38.12709529694244,-0.16064348831354192,93.07455590204385,0.006411294718219995,115.98741480391307,0.0004212543824029247
2016-12-01,25.603302687579443,0.2782312913801075,36.66739348643546,-0.038285156504540896,92.76435832461134,-0.003332786006080779,116.02381986406013,0.0003138707782099903
2017-01-01,25.248140701034504,-0.013871725490994358,39.20172461244425,0.06911675156147479,93.02750440936299,0.00283671540992958,116.06066635239978,0.0003175769284515795
2017-02-01,21.940406524725596,-0.13100902024731587,35.45254926022097,-0.09563802075771788,93.3210430091402,0.0031553958331023146,116.08915541898885,0.0002454670258618119
2017-03-01,21.00959147823205,-0.0424246946128628,32.39942192470918,-0.08611869665850824,93.03696016896583,-0.0030441455754682822,116.15595233648702,0.0005753932592331701
2017-04-01,26.986630424375065,0.2844909646308831,36.19317748353453,0.11709331011032842,92.7091759017277,-0.0035231618342090876,116.21000698006962,0.0004653626654105292
2017-05-01,22.22842363403073,-0.17631718801197915,48.816746778373556,0.3487831180498564,92.66298448618977,-0.0004982399540137683,116.27550686973659,0.0005636338157883891
2017-06-01,25.827733700076834,0.16192376595413283,45.934464321437325,-0.05904290324838113,92.44126334801823,-0.0023927692314356097,116.29312858772671,0.00015155141839007236
2017-07-01,25.141884630728637,-0.026554752240850243,48.07431819368817,0.04658493146402476,92.7635675467834,0.003486583665043508,116.33928941238571,0.0003969351002899302
2017-08-01,22.944975554436823,-0.0873804453627447,45.19763838462106,-0.05983818215532799,92.60940385827823,-0.001661899090151242,116.38923747365858,0.0004293309811771451
2017-09-01,21.14717359798782,-0.07835275100571493,52.13694068891924,0.15353240904417143,92.55895036931057,-0.0005447987662772213,116.4453805047447,0.0004823730467247156
2017-10-01,28.502815113746784,0.3478309515773239,49.57679666133085,-0.04910422425557659,92.58395004403702,0.0002700946221485534,116.48056395787336,0.0003021455464884415
2017-11-01,36.586103108914585,0.28359612771263665,50.63721246989576,0.021389357118186236,93.13209891839682,0.005920560465383806,116.55406796086454,0.0006310409264309591
2017-12-01,22.289705987013726,-0.3907603135360266,56.111213294867,0.10810233340205255,93.46698494810369,0.003595817485014363,116.58852198794617,0.00029560553041529936
2018-01-01,22.54541881906264,0.011472238897987097,51.34398071948276,-0.08496042583025631,93.7136274633039,0.0026388196360154215,116.59893266393169,8.929417585901156e-05
2018-02-01,20.53678013483915,-0.08909298604491389,53.94617580659089,0.05068159988071819,93.73942690129617,0.0002753008147333702,116.6254708350585,0.00022760217885786638
2018-03-01,22.93454241339337,0.1167545380926871,52.76743097667019,-0.021850387210888833,93.85364655593186,0.001218480402658706,116.66727490605223,0.0003584471787716481
2018-04-01,21.701506898517813,-0.05376324901758167,45.05356001982472,-0.14618621399734177,93.27430063332669,-0.006172865347964018,116.7283860737341,0.0005238072778428471
2018-05-01,20.793257343896094,-0.04185191189113924,42.34995479698305,-0.06000869235754103,93.21903541256002,-0.0005925021189269186,116.73318278558406,4.109293387233315e-05
2018-06-01,20.410752875927937,-0.018395601114437388,42.36242534905874,0.00029446435386937253,92.90713892814745,-0.0033458454384580616,116.78083835328307,0.00040824353934176827
2018-07-01,30.99950187376399,0.5187828720578076,39.88862653473325,-0.05839606193323055,92.92888226616996,0.00023403301698188272,116.8507109180652,0.000598322171405874
2018-08-01,23.88315248022247,-0.22956334661507405,43.828435551649946,0.09877023500636417,92.90798501673756,-0.00022487356915101842,116.92029861522147,0.0005955265193471337
2018-09-01,20.563814070932406,-0.13898242336470423,42.20714281756038,-0.0369918002703733,92.72813653699141,-0.0019357698879567398,116.96647313792758,0.0003949230651392188
2018-10-01,24.427870136695297,0.18790561188864552,43.12410303246841,0.021725237808007503,92.75962186815192,0.0003395445259266605,117.04031407011703,0.0006312999803146369
2018-11-01,25.252326239050532,0.033750633916984185,45.25071218106228,0.04931370159728843,92.81405153398613,0.0005867818856739593,117.08809350099611,0.000408230542259469
2018-12-01,26.578649145975657,0.05252280104294238,54.76282620823358,0.21020915624731695,92.48180842469394,-0.0035796638957252824,117.14529112484692,0.000488500770151612
2019-01-01,21.380649577930953,-0.1955704949298278,57.799572388198015,0.05545269282518994,92.69943255056285,0.002353156037666837,117.19056611287621,0.0003864857698891999
2019-02-01,27.785486763137293,0.299562329098616,54.408562977416175,-0.058668416921960564,92.81524543912751,0.0012493376213655871,117.24013104317174,0.0004229430059052852
2019-03-01,20.442952186614487,-0.26425790698272267,61.51115330610477,0.130541773941663,92.77195177892848,-0.0004664498810965645,117.33188904742059,0.000782650133809959
2019-04-01,26.44669890707162,0.29368296054560217,62.21105624685095,0.011378472083968028,92.89468449959692,0.001322950722874694,117.39487446023904,0.000536814103393457
2019-05-01,21.79042331860712,-0.17606263847241255,63.43472023484736,0.019669558143185384,93.28032274615379,0.004151348902622587,117.4626394840447,0.0005772400551322665
2019-06-01,21.764474018376553,-0.0011908580136857916,58.01773332575393,-0.08539466855120847,93.63000341219447,0.003748707720408362,117.50805303723172,0.0003866212558010229
2019-07-01,30.04819362469017,0.3806073879533851,56.66121185722972,-0.02338115246432848,93.92009109341849,0.003098234226767582,117.53834011497874,0.0002577446988882848
2019-08-01,25.525672172072497,-0.15050892939206784,57.76901491292018,0.019551347727644774,94.00354783538425,0.0008885930687902999,117.58103599044878,0.0003632506246751266
2019-09-01,29.088853661248177,0.13959207284163666,50.76184016605945,-0.12129642088277248,94.68893799977481,0.007291109539724783,117.63707855222253,0.0004766292565945296
2019-10-01,22.648719867415185,-0.22139524193118898,49.16726345992054,-0.031412901914558256,95.2201029760373,0.005609577924126086,117.67284387636349,0.00030403104685294835
2019-11-01,20.503149511196806,-0.09473252213716588,49.24271329727777,0.0015345543365197223,94.63441606019903,-0.006150874631858594,117.74146789094371,0.0005831763074608531
2019-12-01,46.40773809668141,1.263444358699041,45.897061127312284,-0.06794207601372038,94.89394023293436,0.002742386792667917,117.75234907703435,9.241592011344224e-05
2020-01-01,21.905561381487576,-0.5279761031263441,52.238772090008666,0.13817248440167718,94.23880918979353,-0.006903823800894826,117.84140521437388,0.000756300303455193
2020-02-01,20.391862137174446,-0.06910113911037952,59.708679595518575,0.14299546498985616,94.55028089457667,0.003305132009423506,117.888656487898,0.0004009734391587916
2020-03-01,24.46104080472787,0.199549145643511,53.581091667784335,-0.1026247434919687,94.86784403004827,0.003358669402851122,117.9797423125863,0.0007726428258825191
2020-04-01,35.06139814319404,0.4333567579192017,44.84911278763812,-0.16296754336933983,94.90254237733343,0.00036575456773491055,118.06905264044184,0.0007569971429410849
2020-05-01,22.992483638834795,-0.3442222827243987,38.541879379401145,-0.14063228938556516,94.90946384046438,7.293232570559915e-05,118.15526424508623,0.0007301795239005315
2020-06-01,27.63333040942147,0.20184190814202352,44.61789158064763,0.15764701408135884,95.06589161310457,0.001648178867632577,118.20482857811183,0.00041948476305542215
2020-07-01,38.37386785730713,0.38868052778118,39.141181528756796,-0.12274694876586856,95.30278767867095,0.002491914413746743,118.2668140946292,0.0005243907314362861
2020-08-01,21.887793334744806,-0.4296172224250534,38.098330397478804,-0.026643322724221208,95.38050524216719,0.0008154804847710917,118.29502548430708,0.00023854020160984923
2020-09-01,20.43871113228618,-0.06620503859374194,44.363219518295246,0.16443999134489706,94.95527651647748,-0.004458235198168348,118.34906793861641,0.0004568446905361956
2020-10-01,28.552269328193177,0.396970148625974,47.49582765270315,0.0706127320880312,94.7906054927023,-0.0017341956109896417,118.39839610056143,0.00041680228500484695
2020-11-01,28.60396922476999,0.0018107105947535729,51.87940082923531,0.09229385807497725,95.11931850756073,0.0034677805163270126,118.40983197964408,9.658812500257241e-05
2020-12-01,28.575430803933237,-0.0009977084163563799,52.300201328016016,0.008111128734231254,95.17590841900873,0.0005949360480699273,118.44245149181108,0.00027547976060482426
2021-01-01,30.15103517301112,0.05513842922924583,62.46241951666566,0.1943055271415557,95.19692233555766,0.00022079029134558503,118.51897377127413,0.000646071391627201
2021-02-01,21.32534946968999,-0.2927158438401214,60.499090505852195,-0.03143216394762982,95.60406183692083,0.004276813697065229,118.54450489259376,0.00021541800867175276
2021-03-01,22.884627282574346,0.07311851161457317,55.04445167789743,-0.09016067485224644,95.53531245578165,-0.0007191052327510938,118.61362693891387,0.0005830894176219736
2021-04-01,20.703998626895483,-0.09528792532877817,55.59439405714843,0.00999087759960049,95.26310846910535,-0.0028492499755239376,118.66373471774112,0.0004224453810273143
2021-05-01,26.21968627710239,0.2664068786713387,68.45260664974369,0.23128613614130988,94.96796116860976,-0.0030982329386333163,118.71010893105284,0.0003908035881563521
2021-06-01,24.203334258304604,-0.07690221757377258,75.67448994596903,0.10550194725495365,95.46745371748209,0.005259590105188394,118.7303476257776,0.00017048838474664763
2021-07-01,20.09852937325101,-0.16959666966732734,74.51509147056264,-0.015320862766755261,95.29737808914895,-0.0017815037660524613,118.78870259382745,0.0004914915960136934
2021-08-01,22.53713248995404,0.1213324154924762,67.24740333967179,-0.09753310352926248,95.73231176638623,0.004563962681432887,118.85186640453497,0.0005317324739499973
2021-09-01,33.2898303300108,0.4771102909764493,67.56178339084391,0.004674976810393083,95.77458469213195,0.0004415742706482817,118.9526815354497,0.0008482418826438742
2021-10-01,25.90780922732359,-0.22175003685832295,69.92549119214473,0.034985870453223544,95.71878105639021,-0.000582655992935055,118.99800931954798,0.0003810572701110626
2021-11-01,40.33584410763345,0.5568990706127857,72.75035642062514,0.04039821787905784,95.87546837308166,0.0016369547852801425,119.03590179061761,0.0003184294534532839
2021-12-01,22.888517087288253,-0.4325514292892494,72.29497061438373,-0.006259568044017283,95.79008028858958,-0.0008906145225784368,119.09817591032412,0.0005231540969550252
2022-01-01,20.162073862091237,-0.1191183865166704,67.69012607429593,-0.06369522666590066,95.46746222640573,-0.0033679694307791053,119.15048803115118,0.00043923528154166114
2022-02-01,20.3511479404467,0.009377709835244774,65.2966898579349,-0.035358720025636114,95.71431107720589,0.0025856856885411172,119.18932535310873,0.0003259518496254721
2022-03-01,20.063056967012923,-0.014156006053162917,67.16922611779421,0.028677353537114536,95.9499317541446,0.0024617079127138286,119.25619782047731,0.0005610608766386527
2022-04-01,20.3527792572799,0.014440585537055961,73.52722797346215,0.09465647027878443,95.75642675332918,-0.002016728905146481,119.31043414794144,0.00045478833348155945
2022-05-01,24.464275955388988,0.20201156049184132,78.23907224738521,0.06408298536188095,95.51847742246612,-0.0024849437153291465,119.36553115582464,0.000461795385094943
2022-06-01,20.492348242186274,-0.162356234063317,77.15755908809689,-0.013823184864317772,96.18043621995655,0.006930164878599099,119.44034503720434,0.0006267628573781714
2022-07-01,23.309204579074542,0.13745893362720563,76.2074785905885,-0.01231351158249594,96.27282458993656,0.0009605734140021305,119.47430413836966,0.0002843185119294489
2022-08-01,26.763171372789316,0.14818038007249368,81.60387908048008,0.07081195428184706,96.53914132915021,0.002766271170997703,119.5436379557207,0.0005803240943822452
2022-09-01,28.67907759184414,0.07158741362777232,86.53000733029938,0.06036634906731586,96.30165997379062,-0.0024599489087011595,119.57968232832525,0.0003015164438771034
2022-10-01,20.551588989469177,-0.2833943517306947,88.81546765212016,0.026412344021846668,96.03155045539643,-0.002804827232133933,119.63832800213028,0.0004904317578300343
2022-11-01,22.241186076151763,0.08221247941209553,78.63302614529026,-0.11464716423847865,96.58112250209884,0.005722828009089298,119.68706680435095,0.0004073845149341615
2022-12-01,26.06468710514127,0.1719108421600446,72.33628278337035,-0.0800775917015506,96.21150578308985,-0.0038270079020975567,119.73396364376008,0.0003918287970561263
2023-01-01,23.08020983969047,-0.1145027083352983,75.66710190545268,0.0460463130522939,95.75370548049703,-0.004758269802209836,119.70872215550663,-0.00021081310169057677
2023-02-01,21.605529778952814,-0.06389370248279469,80.85712909589047,0.0685902731800514,95.94842172394857,0.0020335113139950955,119.75396551547209,0.00037794539237223646
2023-03-01,23.120650228236677,0.07012651227649269,83.00463183431278,0.02655922566673774,95.89728392434382,-0.0005329717642659215,119.7822275104298,0.00023600049347893837
2023-04-01,21.64806397519732,-0.06369138577430333,83.53052761648433,0.0063357401936474655,95.61139629165048,-0.002981185920957752,119.82914673908849,0.00039170442588898347
2023-05-01,20.06487325728765,-0.07313313189223603,83.51011312588143,-0.0002443955663327113,95.29118330022912,-0.0033491090376359667,119.87410361968523,0.00037517483700888477
2023-06-01,40.1888776142944,1.0029469959247121,85.21209638401487,0.0203805646337456,95.38527856947272,0.0009874498981414792,119.93392634596248,0.0004990462866529821
2023-07-01,23.308677162470396,-0.42002169390816835,78.68076930926462,-0.07664788629675678,95.44507539832126,0.0006268978792676183,119.94723333928857,0.00011095270313843386
2023-08-01,28.79010926006977,0.2351670178188019,75.53799971526706,-0.03994330027003812,95.40298277193595,-0.0004410141247167543,119.9922892530438,0.00037563112129301857
2023-09-01,30.874503781999064,0.07239967389843249,78.16494635450275,0.034776491952893895,95.20733421433421,-0.002050759335999408,120.05849672210364,0.0005517643631269831
2023-10-01,28.45212664726052,-0.07845881999732329,76.84495947220671,-0.016887197444100832,95.61122349602881,0.0042422076516221985,120.08896758460428,0.00025380013353970554
2023-11-01,21.088958145825956,-0.25879149888233466,76.11974276712299,-0.009437401100406917,95.09759327451465,-0.00537207037765286,120.14228503303687,0.0004439829028843878
2023-12-01,21.578459320129742,0.023211254482985,75.9719424030127,-0.0019416823906309721,95.41973593084776,0.0033874953638752814,120.22772267205615,0.0007111371237511488
2024-01-01,26.182773326326892,0.21337547495348552,77.59717584675957,0.02139254825321424,96.24019310808553,0.008598401255609955,120.28097469339025,0.0004429263080973911
2024-02-01,22.364070060382172,-0.14584792903145205,75.14047020034192,-0.03165973013333878,96.14028363799002,-0.0010381262429856042,120.34176966878894,0.000505441326474676
2024-03-01,30.05482420844278,0.34388884166861633,70.29744030365924,-0.06445301558228256,96.29414533445502,0.0016003873781396116,120.38383175655083,0.0003495219313931486
2024-04-01,20.468877570129823,-0.3189486843054016,71.68309146775036,0.01971126058225736,95.94694848365008,-0.003605586296020813,120.40442186534271,0.00017103716081678932
2024-05-01,38.22691876580756,0.8675630177979079,63.92364288821689,-0.10824656722602966,95.7377285971111,-0.00218057884951528,120.43885012169699,0.0002859384715354629
2024-06-01,27.819401873681322,-0.2722562327318765,63.15718963266331,-0.011990137309506488,96.43260943172822,0.007258171306124828,120.50000801147397,0.0005077920431419969
2024-07-01,24.94998165028427,-0.10314456926234927,56.72345893356706,-0.10186854001130041,96.62224286700382,0.001966486610629925,120.59217915998377,0.0007649057459069297
2024-08-01,20.19030692082252,-0.19076866653356916,61.57083375424911,0.08545626292569986,96.98541583278232,0.0037586890451135613,120.61640163303859,0.00020086271948605017
2024-09-01,20.952002805675136,0.03772582001054525,72.29380599607862,0.17415668406617124,97.27439904443023,0.0029796563655111186,120.64715117158427,0.00025493662660602823
2024-10-01,23.096102458725646,0.10233387580827125,67.03955436711085,-0.07267913974888485,96.72331037028404,-0.005665300218349101,120.69170351227139,0.0003692780165505116
2024-11-01,23.380577251321682,0.012317004269634335,71.17811456295084,0.06173311017518235,96.21259847587153,-0.005280132498126422,120.71442767053594,0.0001882826872374732
2024-12-01,31.096998714921032,0.33003554106702593,68.95865557649289,-0.03118176141761997,96.02781615131613,-0.0019205626652079033,120.76249261474346,0.0003981706672107066
2025-01-01,24.406108850109625,-0.21516191726891543,66.1947791940325,-0.04008019529027118,96.24762996072633,0.002289063921476986,120.82008385024163,0.00047689671065254124
2025-02-01,23.21595364054358,-0.04876464400267144,64.1187363106394,-0.031362637789118186,95.73314917633148,-0.005345386526450335,120.87267670865425,0.0004352989729572432
2025-03-01,24.16376922547778,0.04082604572740722,65.77310384849433,0.025801624190469497,95.93131021198823,0.0020699312344960585,120.91360039441108,0.00033856854064273634
2025-04-01,20.865545695106206,-0.13649457994715464,68.60302893023919,0.043025566928747594,95.9350627079465,3.91164881410333e-05,120.92568975528742,9.99834661850052e-05
2025-05-01,25.197079936475866,0.20759266518419284,65.44510991664016,-0.04603177239900358,96.38817668021579,0.004723132079964332,120.99072630634441,0.0005378224526864095
2025-06-01,23.934497112617063,-0.050108299336347306,62.60483691002327,-0.04339931601054148,96.28787224611777,-0.0010406300601659701,121.02540057144287,0.0002865861389298452
2025-07-01,20.628518013256073,-0.1381261149463735,67.60789442341172,0.07991487176268697,96.0768956959898,-0.0021911020069972365,121.07557587829243,0.00041458492690504833
2025-08-01,23.29003712674147,0.12902134374243857,73.86274443834003,0.09251656286994692,95.92217660151708,-0.0016103673349552317,121.11419915490043,0.00031900138676044243
2025-09-01,20.868247393172997,-0.10398393615215795,69.10064899170838,-0.06447222456792145,95.78208641299959,-0.00146045673149664,121.14409424722454,0.00024683391817559297
2025-10-01,25.189808075339418,0.20708785940405372,67.63651439844416,-0.02118843476332477,95.54898211405066,-0.002433694103757711,121.18064485968279,0.00030171188026417717
2025-11-01,22.391714027063102,-0.11108040362624372,72.21726578654874,0.0677260120342622,95.19316709983335,-0.0037239016716327233,121.21801010571748,0.0003083433503590083
2025-12-01,27.425061731316838,0.2247861730535825,81.67837388863802,0.13100894916256323,95.2756166578196,0.0008661289512490455,121.23145161299075,0.00011088704773776215
