date,year,month,GPR,GPR_ACT,GPR_THREAT
1970-01-01,1970,1,100.43285310927851,33.654917836019656,49.983275634429994
1970-02-01,1970,2,109.62880061006726,16.025447648963407,52.47767479267857
1970-03-01,1970,3,102.20079294394921,49.387935959777444,46.806548067803725
1970-04-01,1970,4,70.40230726788151,24.08546859304061,52.62273151693999
1970-05-01,1970,5,64.10799855434698,29.79985983041197,33.52393249558329
1970-06-01,1970,6,86.00794532606646,55.08861313711729,52.61400372173778
1970-07-01,1970,7,97.9202637691064,32.040938661088234,44.20613837444783
1970-08-01,1970,8,92.63780198268532,28.619082056511918,48.22068577289071
1970-09-01,1970,9,112.15428361442925,28.23520875936706,58.377897256073894
1970-10-01,1970,10,96.26265209730877,42.25426310819774,50.93315764871701
1970-11-01,1970,11,94.59639330897194,28.162136817034554,59.93017706610381
1970-12-01,1970,12,74.03016218156128,13.86987079799874,47.791355875767465
1971-01-01,1971,1,68.38424447309099,20.757001645241676,72.53175272797824
1971-02-01,1971,2,107.26608378525552,27.423092356529345,45.48987447524139
1971-03-01,1971,3,85.73368604604302,32.259792669322685,45.09473684735424
1971-04-01,1971,4,97.17280175472337,17.729141284116764,47.253257521180615
1971-05-01,1971,5,64.35365740038146,35.25178599839276,55.64929791318543
1971-06-01,1971,6,78.45443896238771,28.8818637919297,44.5834919459986
1971-07-01,1971,7,65.63362549978008,23.15169452931469,58.90170222326564
1971-08-01,1971,8,73.36481973634314,31.017284085378172,48.026834011416895
1971-09-01,1971,9,98.54594616615444,52.877392177557326,53.33512517373089
1971-10-01,1971,10,62.79128012469471,30.200234420033762,45.31320652418754
1971-11-01,1971,11,76.98860755428127,32.24563278180793,65.94848255266508
1971-12-01,1971,12,87.45682858301471,42.399317892218946,39.59096998054041
1972-01-01,1972,1,74.97294542626724,31.7418341570992,40.218361953997544
1972-02-01,1972,2,81.21565360530465,38.47723748930679,61.489364738901024
1972-03-01,1972,3,81.6720768868508,38.064707637489526,50.591141405561444
1972-04-01,1972,4,91.27207854579552,20.706063541543337,57.89474018689272
1972-05-01,1972,5,78.53118177459088,39.23938371418326,65.12865393991409
1972-06-01,1972,6,89.08391020010234,27.249125317871368,58.938525766654905
1972-07-01,1972,7,85.85228793225302,29.856266140257887,43.45908497012613
1972-08-01,1972,8,91.36853884212952,33.25933819186386,51.68086696592789
1972-09-01,1972,9,88.37415082105441,21.94753453023013,33.49685854849755
1972-10-01,1972,10,109.86526082796895,41.19825436794718,46.13790114038526
1972-11-01,1972,11,75.04485895799485,42.05049252437386,44.74252324096213
1972-12-01,1972,12,102.98780748424353,56.420335033853945,42.63717067442968
1973-01-01,1973,1,78.96081360336377,28.594508276587195,43.03189586409316
1973-02-01,1973,2,70.6311074051228,30.271780190880495,50.03447188200543
1973-03-01,1973,3,103.16791704052704,51.13916674446074,53.74501329899988
1973-04-01,1973,4,78.40741143979966,16.5603521815192,22.922142980890506
1973-05-01,1973,5,79.18546192407896,27.67931627961189,63.02456983176473
1973-06-01,1973,6,64.16974475872487,48.828834037152205,47.76792195818738
1973-07-01,1973,7,53.527048142336156,25.510674410145857,49.02500360458628
1973-08-01,1973,8,94.51451412166027,57.81501738270637,55.52972534277555
1973-09-01,1973,9,67.52100434067064,29.056336590650865,74.68282842235858
1973-10-01,1973,10,180.0,90.0,90.0
1973-11-01,1973,11,112.722509429816,54.58775937413701,54.58775937413701
1973-12-01,1973,12,83.27803081224779,33.9790137846874,61.23362511746441
1974-01-01,1974,1,68.10077345425546,28.604038123505603,54.245819164061594
1974-02-01,1974,2,90.9129876101523,29.060829240571717,50.8918046539733
1974-03-01,1974,3,96.4259270568125,35.07683744072386,42.47661130862241
1974-04-01,1974,4,81.07314431866394,29.24294950941712,47.36496797545246
1974-05-01,1974,5,85.26196736252707,23.924570457525164,56.155903433925005
1974-06-01,1974,6,105.02906093123143,33.86396694834408,53.32887511206619
1974-07-01,1974,7,103.98177967887445,32.62782276076176,75.37461362876539
1974-08-01,1974,8,95.64967342234101,17.625828308083832,42.950888661268934
1974-09-01,1974,9,72.00398684238291,36.88269019027441,51.46849089501389
1974-10-01,1974,10,84.194866433631,32.602275525713154,51.92935027646153
1974-11-01,1974,11,94.04375976157105,47.46463836197264,62.8253986020071
1974-12-01,1974,12,81.82201197181396,28.902529097160397,53.402917158786586
1975-01-01,1975,1,75.84973106518142,23.041292998786695,56.901305600916636
1975-02-01,1975,2,73.5191691969372,25.61278800918795,43.339523106471155
1975-03-01,1975,3,75.51986771073925,45.9763297242175,55.56958738022331
1975-04-01,1975,4,74.92592817464502,39.25833514426284,48.07134871335503
1975-05-01,1975,5,78.23332920090685,33.065752277117355,56.283615214450066
1975-06-01,1975,6,102.18515850837349,22.48565922026589,71.29637679793768
1975-07-01,1975,7,72.99037028020484,28.33382352385665,59.602656019358605
1975-08-01,1975,8,98.30353106675406,34.12081473744643,44.717672751958176
1975-09-01,1975,9,91.26376991490962,39.68103766329924,45.84236752739621
1975-10-01,1975,10,87.09624527340296,29.513687719590255,50.54473037221325
1975-11-01,1975,11,72.58897217468872,47.02221967216885,56.00125354050012
1975-12-01,1975,12,78.14958680611264,31.285855964206867,57.832158319510015
1976-01-01,1976,1,114.60333010493963,46.06114900502952,41.70905608184195
1976-02-01,1976,2,86.48601867322657,19.50026976625574,63.97694140069999
1976-03-01,1976,3,93.07311620861013,40.22623280350271,51.98408324345009
1976-04-01,1976,4,94.94547449092083,30.38794343575302,42.94943581286112
1976-05-01,1976,5,100.83462315715606,13.470811872008404,33.541393829866436
1976-06-01,1976,6,81.43725454700751,40.87856353991984,41.007584164277176
1976-07-01,1976,7,75.84703641976789,27.880931056019918,32.09402749632872
1976-08-01,1976,8,84.10579038412206,44.62448372290683,62.35665241150956
1976-09-01,1976,9,81.08770923854465,22.108830547335643,52.348395902279506
1976-10-01,1976,10,96.86015074223403,33.12542341296353,55.00145746622265
1976-11-01,1976,11,87.84415604615408,37.374955660922176,39.2635296756762
1976-12-01,1976,12,88.58905681646009,17.784219081360007,23.78910139862148
1977-01-01,1977,1,87.17514175701501,30.756218198873356,49.226809600351736
1977-02-01,1977,2,103.42551520858662,39.631846946686224,47.602556220399876
1977-03-01,1977,3,76.86059228987821,25.668499217281585,46.93295742730534
1977-04-01,1977,4,77.82465816493898,27.215272587751574,50.347017289302705
1977-05-01,1977,5,98.27696194349066,42.43056790850078,49.006966105619824
1977-06-01,1977,6,83.40384834925365,62.0523762107534,27.730443036758558
1977-07-01,1977,7,90.41317128019973,27.594927873475044,52.26037976140576
1977-08-01,1977,8,74.06517503871368,38.75523082722409,58.8239847916254
1977-09-01,1977,9,85.34996661275763,27.607378202073082,48.504082382819696
1977-10-01,1977,10,91.47750742610653,49.4206717873293,27.90929232813773
1977-11-01,1977,11,65.08845091430885,28.31079104980359,49.636769275346055
1977-12-01,1977,12,74.57598897377211,36.35647957458867,41.76417547671455
1978-01-01,1978,1,91.34593852254024,46.16444627771388,54.60711074716202
1978-02-01,1978,2,118.73212112658854,23.406149832479453,73.35375686449838
1978-03-01,1978,3,91.93429003000983,39.782655749129184,35.062190585782744
1978-04-01,1978,4,84.11620624522013,31.380567044620676,30.938708990488067
1978-05-01,1978,5,72.32183164111578,16.858064540343403,58.61857208170392
1978-06-01,1978,6,90.8743890375969,27.99198839368517,31.166947262102394
1978-07-01,1978,7,47.478898614743265,34.02771233794597,59.86713362175837
1978-08-01,1978,8,84.257060454942,28.50266930149892,50.69393305802821
1978-09-01,1978,9,80.04783016841047,42.75513114870377,44.12109023656402
1978-10-01,1978,10,77.20880628148761,30.39712725757874,33.61633824823448
1978-11-01,1978,11,119.80530071149323,36.037689366462295,46.54611946334046
1978-12-01,1978,12,47.896921571319595,38.72579810798639,46.91831675192026
1979-01-01,1979,1,84.66587771003296,55.13803117149175,54.36800325278017
1979-02-01,1979,2,160.0,80.0,80.0
1979-03-01,1979,3,97.04490555402134,48.52245277701067,48.52245277701067
1979-04-01,1979,4,60.97448950438633,49.78353406375243,59.14752436470706
1979-05-01,1979,5,78.00066073303665,35.555339868324864,59.98908894593981
1979-06-01,1979,6,62.5682739740904,36.71925330665867,45.09451308560395
1979-07-01,1979,7,83.0857188723065,21.962251313125712,44.31277806391809
1979-08-01,1979,8,87.93879153436465,30.985507847723994,57.56488965577803
1979-09-01,1979,9,87.46730674753758,36.46178456820101,28.38399481587844
1979-10-01,1979,10,82.02985309834008,18.42850056253171,53.870618766997204
1979-11-01,1979,11,87.78914396314507,30.456496208580205,36.26004408553591
1979-12-01,1979,12,87.66042488473002,34.16766630523828,45.57296852269865
1980-01-01,1980,1,91.07602575835038,26.56521740007671,50.92042126634934
1980-02-01,1980,2,85.37837821053589,48.09269102821419,44.155303299141316
1980-03-01,1980,3,58.25694050973054,50.59979445668868,45.691305615869375
1980-04-01,1980,4,72.77939914556686,20.383137938368364,47.70488054254137
1980-05-01,1980,5,90.18360146493184,14.595602488563966,63.668011861203055
1980-06-01,1980,6,71.34505703209999,19.98392575947338,28.101263094747225
1980-07-01,1980,7,73.02362697308027,47.5022493361033,67.3831104055732
1980-08-01,1980,8,86.70034544996048,21.829533218020373,59.57845512343016
1980-09-01,1980,9,140.0,70.0,70.0
1980-10-01,1980,10,98.40710561976982,47.921975824036544,56.092395588839736
1980-11-01,1980,11,92.67780832724578,40.96135140979535,46.03024728228168
1980-12-01,1980,12,78.47299267264218,43.74127372562701,40.666068826593204
1981-01-01,1981,1,86.71380964747804,34.93511221951269,51.48797572264703
1981-02-01,1981,2,42.11721233835108,56.58270708588811,56.010642027843566
1981-03-01,1981,3,73.03892268682951,29.637046642636726,54.905837672977775
1981-04-01,1981,4,82.78851536919976,21.878580382322745,34.27153207872084
1981-05-01,1981,5,49.191352844697434,35.22209417611333,42.758542183674386
1981-06-01,1981,6,80.16335533430438,62.5738057613228,43.65263189035912
1981-07-01,1981,7,88.774600338787,50.04862954716742,54.98608405833822
1981-08-01,1981,8,100.52425225527861,31.423558943541373,58.59475249575838
1981-09-01,1981,9,91.04389529479762,17.84958193135367,48.14374947720879
1981-10-01,1981,10,113.2638955013778,34.69862233593804,59.49702032373197
1981-11-01,1981,11,107.91938172610209,39.252684002890724,52.15421603190562
1981-12-01,1981,12,60.48457894168962,40.27747828551198,55.32745036013261
1982-01-01,1982,1,81.60923844723592,32.98803154168576,42.968101732324484
1982-02-01,1982,2,82.6573072010566,23.76701213313823,67.41234641933174
1982-03-01,1982,3,86.37531835070762,28.681252852531024,61.15744086826999
1982-04-01,1982,4,76.40906805282417,38.16119168857628,55.90076349381898
1982-05-01,1982,5,94.15593136630658,48.128893012595405,34.896827920735355
1982-06-01,1982,6,96.17543834292222,44.47076505316237,56.11903040340754
1982-07-01,1982,7,62.13619692814153,31.596637423803728,58.747083368630506
1982-08-01,1982,8,99.18060537641043,31.888710005536907,56.817377615037856
1982-09-01,1982,9,75.28678884812173,45.99200108864797,40.541584154116116
1982-10-01,1982,10,100.84449514054583,44.946951666265136,44.1864117967392
1982-11-01,1982,11,93.46979565090842,39.078800715157286,72.4154496355163
1982-12-01,1982,12,83.0419157750403,11.372352207044646,39.1085616439007
1983-01-01,1983,1,114.82560095648267,20.00723697351132,40.34138628255471
1983-02-01,1983,2,98.35294698354265,41.40182027129407,54.134626755230926
1983-03-01,1983,3,85.48481754926925,45.53339375652841,65.58014216899667
1983-04-01,1983,4,88.73440336538233,38.772228307605126,49.926094907269096
1983-05-01,1983,5,121.22701221753442,35.168657293714574,54.33966473859154
1983-06-01,1983,6,106.25714197197223,33.95463446532688,57.542726850470835
1983-07-01,1983,7,99.24545543986652,37.78218501807431,31.113043046093566
1983-08-01,1983,8,88.22829043110966,19.485939833888338,43.25484295691424
1983-09-01,1983,9,93.44172271141728,27.016067568894304,45.07384497782952
1983-10-01,1983,10,87.22721820398203,39.83765919830152,47.36136488392204
1983-11-01,1983,11,62.1131650402409,31.06669581711991,42.15735361532565
1983-12-01,1983,12,98.28506730221487,32.38840732203618,48.75980932248202
1984-01-01,1984,1,91.22154376213106,33.6715547464216,70.37217246724587
1984-02-01,1984,2,64.7409322184033,37.61162987499305,53.166106578933125
1984-03-01,1984,3,75.36510977351757,28.540654119071874,63.933776200659196
1984-04-01,1984,4,81.28053441338623,23.237711340705168,51.734175800224484
1984-05-01,1984,5,89.88569712049235,37.07922480909136,52.75999735978863
1984-06-01,1984,6,110.93292848437417,16.75678093437008,50.79801789173039
1984-07-01,1984,7,85.26585697738795,32.29677054321426,61.94303892380747
1984-08-01,1984,8,55.88138945220534,19.702820668675002,46.34553809625972
1984-09-01,1984,9,94.74704908294196,44.77194404596011,49.43296548646403
1984-10-01,1984,10,82.47850464724654,57.828827204065576,34.35540296163735
1984-11-01,1984,11,58.85850153858691,22.32388526896052,57.79050782609914
1984-12-01,1984,12,50.77436743130598,43.196800435199954,41.661806067808854
1985-01-01,1985,1,69.03495437859269,29.06786891898233,57.31464754376767
1985-02-01,1985,2,90.67437171361814,27.858052483421375,56.55726371328925
1985-03-01,1985,3,73.6247061367196,29.386571370237576,52.512943473243
1985-04-01,1985,4,93.9956301844895,37.676372306344255,50.38114077457103
1985-05-01,1985,5,80.78346121411363,40.28872240387749,43.561256195474215
1985-06-01,1985,6,87.7554043893964,26.982402192002148,45.766069921198884
1985-07-01,1985,7,95.54368873062461,27.68828220751803,45.668917912012816
1985-08-01,1985,8,93.68376098412199,45.11790558530767,57.698238110290255
1985-09-01,1985,9,69.21274985098319,47.899666699840694,54.72480445134543
1985-10-01,1985,10,113.92130193297932,23.417565674151874,48.58929240569081
1985-11-01,1985,11,55.34040921894621,30.746367570523965,59.78739624512647
1985-12-01,1985,12,82.18031113262658,44.17944752912127,61.37635842667172
1986-01-01,1986,1,69.67613944051868,55.02468467130953,20.735014024273664
1986-02-01,1986,2,102.85254875198042,36.46685672088157,42.278534704112076
1986-03-01,1986,3,65.34214898289565,38.98085013441605,64.41306164578774
1986-04-01,1986,4,130.0,65.0,65.0
1986-05-01,1986,5,78.84898576264234,44.39452397616434,47.12126380825733
1986-06-01,1986,6,64.32600850872015,39.022670683096145,57.94717196019474
1986-07-01,1986,7,76.40758787947647,30.50460776135926,60.50443172841576
1986-08-01,1986,8,87.70301164962179,34.190457559760794,59.8057662910174
1986-09-01,1986,9,70.45571062231222,56.52228071634772,41.99754444522427
1986-10-01,1986,10,59.58978470827202,49.4565275210783,45.39937672213766
1986-11-01,1986,11,80.78316448085882,49.50491772029959,57.10905174386505
1986-12-01,1986,12,84.3142012847284,25.12357553525444,52.84971556023597
1987-01-01,1987,1,95.45045788509965,21.87667921048643,54.63810092913951
1987-02-01,1987,2,72.63074025550756,18.315099852553715,29.447369170419808
1987-03-01,1987,3,81.96401747229022,40.54679306591867,60.31442678353043
1987-04-01,1987,4,98.38377090776214,22.397546427859155,50.61138876287488
1987-05-01,1987,5,69.88598318932954,23.639650496904387,43.699024036809966
1987-06-01,1987,6,83.33718318193469,45.9503221969988,46.68473170558689
1987-07-01,1987,7,79.3821443010098,15.633193369074576,43.43540354254182
1987-08-01,1987,8,63.166467754698644,39.40969111054998,64.29079322424805
1987-09-01,1987,9,83.04829325493647,21.95325758812261,43.224963987080415
1987-10-01,1987,10,101.63814072482883,35.33719629431943,55.289764018969
1987-11-01,1987,11,118.4632110159273,57.89319675511273,44.51435900852047
1987-12-01,1987,12,63.1438825676274,37.68450227340076,41.98630574833899
1988-01-01,1988,1,98.79406795147122,31.576803277460204,48.52596335095049
1988-02-01,1988,2,101.54181439481722,31.993047913886958,59.43358499237892
1988-03-01,1988,3,103.09493596021417,31.91372903873709,41.59618890109155
1988-04-01,1988,4,78.32393115657162,28.77006915184254,31.326074071954558
1988-05-01,1988,5,89.59231051558737,17.343330137079196,54.766592691951296
1988-06-01,1988,6,75.70563252854235,25.452234595859494,39.24969058890911
1988-07-01,1988,7,93.28287874740005,47.91804718011458,51.96632525253651
1988-08-01,1988,8,102.85381820538683,46.72322052567209,64.60296459681206
1988-09-01,1988,9,81.15793567679734,40.55666627592626,56.92005435843686
1988-10-01,1988,10,88.19655646146005,33.818910732436606,56.250415879705606
1988-11-01,1988,11,97.76835794170066,40.55642659006268,26.591837993619905
1988-12-01,1988,12,95.64047594898831,36.82625982826606,48.45970603341163
1989-01-01,1989,1,74.95450954882241,40.34433452870253,56.31084691858098
1989-02-01,1989,2,105.43501841189324,49.73808183743117,51.07548069155588
1989-03-01,1989,3,92.15103871398277,46.81280713071166,52.178470231061475
1989-04-01,1989,4,87.1989730848022,30.88810076061481,42.65251207547639
1989-05-01,1989,5,85.4921635572206,25.535477117515832,63.38687079284033
1989-06-01,1989,6,95.37239169551309,13.522887682776862,41.58333934219955
1989-07-01,1989,7,100.3378430247167,26.918534469267602,47.238862697908985
1989-08-01,1989,8,65.8894137841996,33.3738610522593,39.35702059498786
1989-09-01,1989,9,71.89941099335427,32.93939043209484,55.03095546294578
1989-10-01,1989,10,59.05880765198566,33.89071914721171,56.13179867518056
1989-11-01,1989,11,91.59734405715778,38.48870220576707,48.10644629787749
1989-12-01,1989,12,90.73473797738424,44.377172909592105,45.426241167371
1990-01-01,1990,1,79.72374751862702,19.01726689165081,49.331728917199484
1990-02-01,1990,2,68.51836813595109,24.42398057887373,76.5750117603103
1990-03-01,1990,3,104.6140195010815,24.447206936956405,27.503877084676578
1990-04-01,1990,4,108.97585024464281,41.15020632342821,47.692812542404965
1990-05-01,1990,5,108.65994645273452,52.508728545258386,58.377349001026474
1990-06-01,1990,6,85.73133055728955,36.41233076422099,52.8333562396709
1990-07-01,1990,7,87.09138245745982,38.817481719136445,47.42064651081717
1990-08-01,1990,8,280.0,140.0,140.0
1990-09-01,1990,9,169.82858471953736,84.91429235976868,84.91429235976868
1990-10-01,1990,10,103.00624352800385,51.503121764001925,51.503121764001925
1990-11-01,1990,11,75.8996035476471,50.33754754783679,45.84133314724412
1990-12-01,1990,12,97.22905651532835,33.9651778470412,64.02926339130356
1991-01-01,1991,1,320.0,160.0,160.0
1991-02-01,1991,2,194.08981110804268,97.04490555402134,97.04490555402134
1991-03-01,1991,3,117.72142117486155,58.86071058743077,58.86071058743077
1991-04-01,1991,4,111.24245097324113,45.216099510151196,52.24444223128734
1991-05-01,1991,5,107.30410331146845,34.420162409286505,58.60042553667845
1991-06-01,1991,6,101.53162080789896,37.31971846927267,40.93007834701995
1991-07-01,1991,7,87.64741669543463,39.55903930647848,62.71978717148837
1991-08-01,1991,8,66.8483176755746,28.483318302800637,44.43090484587543
1991-09-01,1991,9,87.91092803539539,30.421559207861034,56.854624721125944
1991-10-01,1991,10,80.16103551993378,40.751137687994486,54.81311029521571
1991-11-01,1991,11,94.29387639310696,35.75068505162968,39.389280333731435
1991-12-01,1991,12,100.35149023131885,28.798848821878895,56.49737027524945
1992-01-01,1992,1,74.76295804515134,34.35400028846633,62.76005615067803
1992-02-01,1992,2,104.77346917431491,59.69065754692721,72.97628411237135
1992-03-01,1992,3,85.86790672949387,32.670794444431664,56.871251494728824
1992-04-01,1992,4,86.34965135244477,26.63832921908138,47.67723094193095
1992-05-01,1992,5,76.62609164230679,38.57904597050044,49.32725910709896
1992-06-01,1992,6,82.20921495304343,51.00233897881243,63.69241625649129
1992-07-01,1992,7,86.40230679898468,32.53446222385322,70.0464848452145
1992-08-01,1992,8,82.00431424313528,32.01301729710595,55.69188114170373
1992-09-01,1992,9,80.24897696945926,30.096724288358672,52.12893153364091
1992-10-01,1992,10,79.08557825819271,21.374698781093464,57.85476379741417
1992-11-01,1992,11,115.56418204719543,33.33740133540147,56.927592341265246
1992-12-01,1992,12,81.9170835888534,45.20014440993815,50.41981644018097
1993-01-01,1993,1,96.33687489399117,38.50800572864951,44.20253007353257
1993-02-01,1993,2,86.16118319733022,35.393398154903146,44.42324416981753
1993-03-01,1993,3,41.18714760158082,17.3533597014331,40.24453329454198
1993-04-01,1993,4,131.82390749338302,30.74716293922469,59.39845874907806
1993-05-01,1993,5,85.02142377549801,23.09544238130387,53.02732179130497
1993-06-01,1993,6,76.72569439475433,10.0,58.74994483348078
1993-07-01,1993,7,104.72778278201295,28.237708070925983,34.81085899506536
1993-08-01,1993,8,107.27086858210035,40.25632722437992,49.08041232949264
1993-09-01,1993,9,76.44583599822678,24.621147056058092,50.97403063643861
1993-10-01,1993,10,72.51944601125484,25.642718161941357,54.071515543063846
1993-11-01,1993,11,71.70264970264223,51.75024766714587,43.59172656432201
1993-12-01,1993,12,90.24747244305978,40.96827835461144,62.752001495596964
1994-01-01,1994,1,87.4489056166721,46.89868621514099,43.227013540813644
1994-02-01,1994,2,96.76085995670749,47.4131231782698,31.205337992759784
1994-03-01,1994,3,83.29194908288436,40.78578378789374,39.26908556340192
1994-04-01,1994,4,77.31270264256484,33.60582775424472,46.90203549686969
1994-05-01,1994,5,86.78835250771182,38.83338643332945,56.55558384093332
1994-06-01,1994,6,76.42898839641533,48.79062159379036,28.398355924976954
1994-07-01,1994,7,94.89998850203622,36.75004181924785,49.82778384950672
1994-08-01,1994,8,91.25283334493437,35.65231744843025,60.936282391064886
1994-09-01,1994,9,93.34216796676685,36.218252170458,60.793848578131055
1994-10-01,1994,10,91.78468943279681,43.33875932083883,49.08726135306134
1994-11-01,1994,11,78.710723644143,29.046429934600056,62.92046609472814
1994-12-01,1994,12,59.15392043158478,50.98364177241242,49.889715439530164
1995-01-01,1995,1,104.00833873354752,43.73324632660898,54.59881192540546
1995-02-01,1995,2,101.27356790236695,27.5888598046861,48.63749401464512
1995-03-01,1995,3,73.84453196361733,51.945616018640514,50.78246514777269
1995-04-01,1995,4,98.48824229548651,17.083443342225387,71.87900212441971
1995-05-01,1995,5,87.32672865759554,10.832436691621858,57.49270640922728
1995-06-01,1995,6,83.90002051125379,40.129669790772546,59.8825119028254
1995-07-01,1995,7,84.90114840010855,26.381804471831217,48.70677659351203
1995-08-01,1995,8,72.53819331525624,27.800800072443145,41.14353887351024
1995-09-01,1995,9,83.03693719949375,39.33181693789618,47.34793773501864
1995-10-01,1995,10,85.7815350694561,45.012030099004065,54.021280886879815
1995-11-01,1995,11,88.04548598548791,56.56702283820691,43.882662070477004
1995-12-01,1995,12,75.60608207668426,38.93611483046224,60.312007290112575
1996-01-01,1996,1,90.74289861207497,26.881536139765565,31.440593045315964
1996-02-01,1996,2,76.26089171633662,39.939025770536794,70.5280686697686
1996-03-01,1996,3,77.42973370787489,30.79050290746209,49.625636762060275
1996-04-01,1996,4,86.18915375232322,28.48072803184869,71.54291234414137
1996-05-01,1996,5,78.05099967289758,44.947497309627394,70.65516392777334
1996-06-01,1996,6,69.48822388166226,46.92224250348884,69.10580232219655
1996-07-01,1996,7,77.04719311271748,15.187918821893462,50.782166512796486
1996-08-01,1996,8,74.45307580191128,44.336163448493394,56.992758258684695
1996-09-01,1996,9,86.89484676581937,35.49439737622138,40.10569483893877
1996-10-01,1996,10,95.07781791315644,39.18111602300971,53.02122715467355
1996-11-01,1996,11,93.70422816196364,23.938837001357882,50.664080972506156
1996-12-01,1996,12,74.85808659899399,23.13564381269149,31.71793954132342
1997-01-01,1997,1,79.54228167017719,28.91526321236698,42.30975608350512
1997-02-01,1997,2,88.91886087281941,39.1375285550567,64.26113973152523
1997-03-01,1997,3,60.59605295366294,31.962394490404833,38.76556065981308
1997-04-01,1997,4,97.72511137723275,29.95696244584659,60.56102316005409
1997-05-01,1997,5,103.18820024192226,42.81040468438758,51.05388941362641
1997-06-01,1997,6,95.23311706696202,25.56000281935519,49.18710665586097
1997-07-01,1997,7,52.12957239630363,14.294809405304832,36.11934736237144
1997-08-01,1997,8,88.8565760687221,38.17234516533633,55.17748402493204
1997-09-01,1997,9,57.05378233210742,21.595402136634377,57.58190535375893
1997-10-01,1997,10,98.72015443272582,35.26900732559508,76.40756545736176
1997-11-01,1997,11,52.18933310046556,44.43352936284148,48.66389204913748
1997-12-01,1997,12,63.534489047771984,24.80427885218387,44.94623553481806
1998-01-01,1998,1,90.19147489744259,27.612235411556092,57.137059853251266
1998-02-01,1998,2,120.0,60.0,60.0
1998-03-01,1998,3,72.783679165516,36.391839582758,45.418660978774334
1998-04-01,1998,4,68.45323709032829,25.49052200048005,59.43623368429434
1998-05-01,1998,5,91.38696110410822,14.788654382338319,53.11816373205679
1998-06-01,1998,6,66.97093390332226,30.600592384100295,53.54850394160397
1998-07-01,1998,7,68.25486037887573,42.978379244905085,63.40694068984663
1998-08-01,1998,8,87.35004900047589,20.313925003727668,42.979550582664984
1998-09-01,1998,9,84.6984246852771,35.339084822948784,60.66690867551994
1998-10-01,1998,10,103.40366770165265,26.12476241243923,44.02218630227484
1998-11-01,1998,11,97.58975295956412,14.432626992149729,55.32283690251639
1998-12-01,1998,12,79.66554011994413,46.910429754371755,50.369401110334266
1999-01-01,1999,1,74.04287935081948,37.59022124495593,49.448419704563754
1999-02-01,1999,2,100.90370119585256,34.308568072656094,13.379255873274879
1999-03-01,1999,3,74.51195562826219,25.341790889334774,48.621679982731415
1999-04-01,1999,4,68.24539449368211,14.42639643902136,40.13099747886069
1999-05-01,1999,5,91.72258992728887,41.956949705954834,49.45961432933643
1999-06-01,1999,6,75.63366866851979,25.87172639055268,48.478440298373755
1999-07-01,1999,7,61.40519714798525,51.25995509178884,55.911363138620864
1999-08-01,1999,8,93.99607923249562,25.720831723897,32.65349666305038
1999-09-01,1999,9,98.31725442728204,29.40706409425359,48.527956877604744
1999-10-01,1999,10,66.69702762443568,31.486823438465976,59.10373452992498
1999-11-01,1999,11,79.24374182071855,30.436088995669856,41.23543125032202
1999-12-01,1999,12,77.62603278476374,37.22280297813168,52.65872421629091
2000-01-01,2000,1,82.34038492280199,32.25410646052601,68.71881950964172
2000-02-01,2000,2,78.105589755822,34.40290542089293,52.62601066704986
2000-03-01,2000,3,62.16265982679981,27.164456109008384,56.39748769934589
2000-04-01,2000,4,85.35775686627373,48.14740837832508,47.03104388094621
2000-05-01,2000,5,79.84446929181273,33.90468724569771,36.29505439594039
2000-06-01,2000,6,86.89032783776003,29.824522027690687,43.21412817714004
2000-07-01,2000,7,94.8630893549859,34.06226819693806,56.57894488849096
2000-08-01,2000,8,97.1612886559697,23.50437054444547,72.08557425489794
2000-09-01,2000,9,91.32678436706948,28.94961009735655,38.1112365274126
2000-10-01,2000,10,45.3678910540343,35.55696984545875,41.374769272839046
2000-11-01,2000,11,69.34872017838065,35.85033258306547,48.276170343559016
2000-12-01,2000,12,86.26125875683191,50.93088076881219,37.36207913227935
2001-01-01,2001,1,97.30334324212863,32.73561170209436,50.03247210375837
2001-02-01,2001,2,69.43824457388311,36.863072133648345,54.79561774908387
2001-03-01,2001,3,73.14321960959596,23.59241665880768,52.29642920630963
2001-04-01,2001,4,110.92758935217388,45.72999667807636,46.46184287841008
2001-05-01,2001,5,46.54988285826707,30.76752315620592,32.044680438172705
2001-06-01,2001,6,79.89281066613596,53.17056747036061,58.518275528501256
2001-07-01,2001,7,74.73870981742836,15.785606462527301,43.33713254922449
2001-08-01,2001,8,78.72595613829446,47.53239637785269,51.087653424774864
2001-09-01,2001,9,400.0,200.0,200.0
2001-10-01,2001,10,242.61226388505338,121.30613194252669,121.30613194252669
2001-11-01,2001,11,147.15177646857694,73.57588823428847,73.57588823428847
2001-12-01,2001,12,166.34619147984952,53.55384240211985,65.68262301734937
2002-01-01,2002,1,146.97940687330484,59.4399980213967,53.72075363663749
2002-02-01,2002,2,119.1414404129386,34.24955618229229,57.41919084691776
2002-03-01,2002,3,123.8619637528637,49.75183365036298,73.86276144212955
2002-04-01,2002,4,135.92226294546302,40.243101745753,79.05263135464988
2002-05-01,2002,5,160.3136034404974,50.308452392117765,70.05088470306849
2002-06-01,2002,6,117.34688344366066,50.246347743553116,59.936769692458284
2002-07-01,2002,7,126.1875269787479,34.98850388284531,69.00493836988613
2002-08-01,2002,8,117.41480862709204,28.913659720068715,80.87491831996375
2002-09-01,2002,9,138.085759850019,45.530909691999554,64.99203110454836
2002-10-01,2002,10,99.67296219275092,55.12397085742265,82.31178756702047
2002-11-01,2002,11,122.35961724969788,35.34995642613089,67.58737688755333
2002-12-01,2002,12,100.1889588473606,46.91365700093506,71.30903142599986
2003-01-01,2003,1,124.313914541064,53.510046253464616,62.109037053372155
2003-02-01,2003,2,132.251679618087,40.863693597955276,75.35689112603382
2003-03-01,2003,3,250.0,125.0,125.0
2003-04-01,2003,4,151.63266492815836,75.81633246407918,75.81633246407918
2003-05-01,2003,5,137.31193113860718,55.1053923101755,74.60169062437951
2003-06-01,2003,6,118.58575947906465,47.10027709841038,63.210981241376906
2003-07-01,2003,7,128.68419204706458,60.13697504824968,74.72067229830698
2003-08-01,2003,8,116.57359185064222,34.75361626270103,75.8985859415292
2003-09-01,2003,9,106.15532743003368,71.08200851405194,80.2930986730832
2003-10-01,2003,10,113.92032040478189,50.49247277129639,68.0600719432792
2003-11-01,2003,11,151.8142466165366,40.16464087616337,53.53148641750097
2003-12-01,2003,12,115.94474059655273,61.27154643907347,72.97314937717854
2004-01-01,2004,1,121.08061657116465,42.73290731121683,70.46452648777985
2004-02-01,2004,2,138.32317543315168,40.34912667192915,63.17674858100711
2004-03-01,2004,3,125.86754809569261,42.4584445078268,79.96301784976612
2004-04-01,2004,4,128.39865670406206,21.586681095994674,68.43358157502284
2004-05-01,2004,5,154.85376467605113,54.49217150073578,73.73999000929123
2004-06-01,2004,6,134.20446680946947,45.44682951949626,72.10286362230096
2004-07-01,2004,7,108.16684314167762,42.661231355138575,76.77115640296402
2004-08-01,2004,8,130.59907899570788,36.43967570116037,78.53363785488784
2004-09-01,2004,9,111.37705163575464,62.077443257360855,65.45926360691882
2004-10-01,2004,10,115.08040499308022,46.556020807120454,75.40999831676048
2004-11-01,2004,11,136.43565326546775,43.05234696287356,81.14753141018107
2004-12-01,2004,12,121.3167730288727,55.15927848856704,79.92560490209587
2005-01-01,2005,1,115.8848740308924,41.577224378238874,79.61605585726242
2005-02-01,2005,2,111.77428272832165,41.69562145852578,51.94138991723226
2005-03-01,2005,3,122.4478631609702,55.98073291025303,65.51085371629044
2005-04-01,2005,4,116.18130666321414,54.30890051133593,70.60970356468466
2005-05-01,2005,5,134.88116568794038,53.2220632139944,69.3611206535442
2005-06-01,2005,6,123.31328395761923,53.2690291164076,65.14911612885791
2005-07-01,2005,7,117.92920538535341,47.232801921633396,72.12751803894274
2005-08-01,2005,8,166.6149477903757,37.86573873467845,97.0775532963211
2005-09-01,2005,9,125.06797357044181,46.48697320684687,67.28077410544414
2005-10-01,2005,10,109.3700375287064,64.89539187604396,68.72441219354315
2005-11-01,2005,11,101.58031468527047,44.41276318988054,80.49075405993636
2005-12-01,2005,12,103.21147677526189,57.63159654383914,56.117123085444995
2006-01-01,2006,1,99.5999464331737,40.51820188504922,62.642036932640984
2006-02-01,2006,2,118.7998615022521,50.481088034231156,60.2598946399892
2006-03-01,2006,3,119.72192744621353,40.39059717710317,72.26847893420107
2006-04-01,2006,4,129.0930310925386,49.68668607584002,62.30683459248606
2006-05-01,2006,5,104.9034318978299,42.335510381607115,68.09375204741487
2006-06-01,2006,6,113.01963284509276,30.169493314965447,58.74498347569095
2006-07-01,2006,7,111.3789477004874,44.24916024008881,73.46734374965058
2006-08-01,2006,8,144.81913993671412,56.87400632571028,86.55297587306879
2006-09-01,2006,9,122.18644617611454,41.00052015369221,70.13697499122672
2006-10-01,2006,10,126.67170100278689,42.177880674019065,66.67566380434383
2006-11-01,2006,11,136.80970764143353,43.091362659918126,71.0983901391823
2006-12-01,2006,12,123.50918843254267,42.9291667214121,69.7186280650137
2007-01-01,2007,1,119.16698487745549,55.66339692624439,80.66483806488286
2007-02-01,2007,2,113.57384667353017,49.08444444784986,87.4429679393202
2007-03-01,2007,3,115.65506344957159,45.018696325935835,60.99713936516007
2007-04-01,2007,4,119.4881207885517,36.13459217005327,74.69138812146673
2007-05-01,2007,5,116.50469476544156,61.856031459783246,92.81672226733794
2007-06-01,2007,6,116.5799857491672,46.098763754406434,78.32487198715542
2007-07-01,2007,7,148.6784112487746,44.282012722171984,59.21727717454591
2007-08-01,2007,8,100.05901780553708,35.09421806561874,84.77044710589495
2007-09-01,2007,9,89.13849117047097,53.39838053260369,64.6715413740533
2007-10-01,2007,10,125.7434895650376,49.82273225179624,64.80685215684449
2007-11-01,2007,11,140.73601467408488,47.645768689883774,68.3011982761457
2007-12-01,2007,12,116.03965131418676,31.675387125128683,62.76060572448028
2008-01-01,2008,1,132.6278958861293,31.96371741178504,72.77353665950857
2008-02-01,2008,2,144.93591949484772,44.45138630696065,74.24600662798726
2008-03-01,2008,3,116.64545840242748,70.10440812793934,77.6777896222854
2008-04-01,2008,4,123.30705606990303,46.545373601172194,75.0229831443566
2008-05-01,2008,5,107.80077147398525,55.486008473139364,74.20578171278778
2008-06-01,2008,6,110.572430329849,66.88914948283528,74.5612428076299
2008-07-01,2008,7,114.09215773071428,62.0584189220857,80.14449843860407
2008-08-01,2008,8,131.1478195265823,49.76027087186165,75.08426601310913
2008-09-01,2008,9,142.4821374066605,29.849819225297665,58.87965842311343
2008-10-01,2008,10,130.4994663013586,50.59426270058335,58.99029901042934
2008-11-01,2008,11,107.20308461888506,54.91957076522512,64.40064637846335
2008-12-01,2008,12,108.46451289501793,52.24964780446249,69.60717783532098
2009-01-01,2009,1,114.68917135978141,43.26468912940497,73.4646631440823
2009-02-01,2009,2,120.38747760538425,34.90640692919867,47.76698992585172
2009-03-01,2009,3,129.0425020271731,53.912001562023775,70.64130907895414
2009-04-01,2009,4,97.83267079593313,59.39662476652174,76.21706317281948
2009-05-01,2009,5,104.5474214058917,48.03694634012389,79.64872229519584
2009-06-01,2009,6,147.1347208988299,45.997983394604034,68.46477272495763
2009-07-01,2009,7,127.39502527645713,51.4775239974143,67.6087866554857
2009-08-01,2009,8,126.66464572424836,34.11374495013267,76.01616144481945
2009-09-01,2009,9,99.4761630650221,41.373910495818926,82.20416200850948
2009-10-01,2009,10,135.8725700812726,47.131407898762326,79.82608186226437
2009-11-01,2009,11,128.6605273432225,33.998859207056434,71.5211345498461
2009-12-01,2009,12,98.57868547191657,54.99541199801903,74.99876524301851
2010-01-01,2010,1,102.03843595360226,48.36091566740663,75.97194484924371
2010-02-01,2010,2,130.06953717003765,54.62285332859146,65.51562795850188
2010-03-01,2010,3,100.82849029959586,33.06847156572791,58.863081998041984
2010-04-01,2010,4,129.60290911023037,50.87631948045528,60.77631887947484
2010-05-01,2010,5,112.53375133568477,38.651970779178455,75.41838943204064
2010-06-01,2010,6,130.5973377310613,51.08471324694341,78.51350155815305
2010-07-01,2010,7,134.3274412724963,37.95016823409081,58.15299709937439
2010-08-01,2010,8,148.4765163676308,50.686990889538045,82.1763232226835
2010-09-01,2010,9,94.11003620795778,72.15481336958206,74.81235996857737
2010-10-01,2010,10,98.57612558097532,40.04948969217039,70.27437291596101
2010-11-01,2010,11,118.98963960577755,51.40196664736117,66.49367576885649
2010-12-01,2010,12,145.95774038025507,52.23541353851303,71.11204299032829
2011-01-01,2011,1,128.24475505563584,59.10748175759771,62.43601951192284
2011-02-01,2011,2,100.14273500495891,55.45875282145389,86.10327588192862
2011-03-01,2011,3,150.0,75.0,75.0
2011-04-01,2011,4,119.37355120894291,45.48979947844751,71.22851450347652
2011-05-01,2011,5,139.8792400445993,43.453473821975436,62.88246287292154
2011-06-01,2011,6,103.07946125353665,34.55980461385812,78.68052714587763
2011-07-01,2011,7,134.4422726789608,37.513077755793006,52.13109601770461
2011-08-01,2011,8,141.348134738804,61.69778014697775,63.277588170479945
2011-09-01,2011,9,105.63346215453379,45.96454306443368,65.35879670695533
2011-10-01,2011,10,122.67765792536936,36.58363267935393,84.86907605630935
2011-11-01,2011,11,127.25917247805879,45.096035914865155,79.04265137948781
2011-12-01,2011,12,123.62322513064395,58.23434887298454,77.66125168082625
2012-01-01,2012,1,107.55775326818502,39.58640188820242,62.7424371635189
2012-02-01,2012,2,135.83019376149662,44.77679215608701,85.59391740002174
2012-03-01,2012,3,106.85802285482428,39.01006800171554,65.25746746231384
2012-04-01,2012,4,121.94247187559458,38.57252468261114,73.9828336172072
2012-05-01,2012,5,128.04457047292172,52.6341221018571,77.05845601264974
2012-06-01,2012,6,126.09163815071092,61.39913631411121,69.58121298147563
2012-07-01,2012,7,129.6114854418268,41.409579158050995,67.70361560887932
2012-08-01,2012,8,93.28085212915022,64.52658942132942,72.10300423854997
2012-09-01,2012,9,86.36760096496499,39.523601062583175,47.613033935357784
2012-10-01,2012,10,123.92382384042824,67.37397283802142,82.46850439099649
2012-11-01,2012,11,125.59455179957864,50.50875619710779,67.39760800352056
2012-12-01,2012,12,141.52541676156807,67.76423263487958,65.70198069244799
2013-01-01,2013,1,117.01870918509965,37.660080752249414,90.40453152125603
2013-02-01,2013,2,117.974984613733,56.77153615838848,76.25500973061293
2013-03-01,2013,3,97.93978747457722,57.78461999257337,78.19014490953397
2013-04-01,2013,4,126.35194659293509,38.53057199418807,80.5549381524832
2013-05-01,2013,5,141.92520205758356,37.07385775872915,85.96014365772771
2013-06-01,2013,6,114.38996983396981,46.460286148735214,59.85573726670637
2013-07-01,2013,7,127.37090763001126,40.60929539428196,95.97430334714034
2013-08-01,2013,8,138.25680356152847,58.74347329217298,76.69420541397051
2013-09-01,2013,9,138.19123277698804,42.861210383160625,59.46719120394125
2013-10-01,2013,10,134.48292985071967,46.3182170344113,73.53817051254049
2013-11-01,2013,11,135.84250786574415,48.833322490881784,86.99133477102171
2013-12-01,2013,12,69.7586094750312,66.2716291453265,64.31214606512542
2014-01-01,2014,1,92.36348335271596,59.16286765689562,72.82704174641931
2014-02-01,2014,2,125.98810021935527,56.22141717334024,65.4581610326883
2014-03-01,2014,3,160.0,80.0,80.0
2014-04-01,2014,4,135.04921936575698,51.807321821189944,64.79961217778443
2014-05-01,2014,5,111.78362055383359,29.430355293715387,62.65888796291888
2014-06-01,2014,6,96.85023042515931,46.157825974444094,63.58947872101894
2014-07-01,2014,7,133.5796423025393,37.60345051958126,83.26259545763858
2014-08-01,2014,8,110.69107141264854,48.72477793408387,69.96354056948776
2014-09-01,2014,9,105.67293024232977,47.30342501891962,81.01051969161733
2014-10-01,2014,10,131.59816941453388,42.00505067512884,78.89893768624222
2014-11-01,2014,11,117.06190750936143,49.04951103868336,65.12950228806308
2014-12-01,2014,12,102.2673808039302,49.81432219447368,66.04500040656882
2015-01-01,2015,1,103.99933485487288,36.9252296902603,63.0303625284718
2015-02-01,2015,2,95.6659807671791,55.25413752896363,83.44212926569307
2015-03-01,2015,3,144.70550842943416,51.86042961882176,55.94026920661828
2015-04-01,2015,4,140.0168418740728,46.55687799336605,58.27574298421681
2015-05-01,2015,5,120.86108522967521,52.0910906889477,75.10997554555091
2015-06-01,2015,6,109.88084481231152,60.85460821856255,67.40443580015207
2015-07-01,2015,7,127.41810762059198,59.65602220135598,87.96311206635907
2015-08-01,2015,8,117.14405948499179,57.66958937413425,61.9466058365977
2015-09-01,2015,9,131.96023885527632,50.781891398858555,71.04703055812324
2015-10-01,2015,10,129.597814716767,70.84633881301825,72.25132547618094
2015-11-01,2015,11,140.0,70.0,70.0
2015-12-01,2015,12,115.99373101306134,42.45714617988434,70.48329878340417
2016-01-01,2016,1,129.20511172263483,56.65080575784384,73.4243731093093
2016-02-01,2016,2,120.17845793539163,26.162298561972385,69.78035435637034
2016-03-01,2016,3,95.28021591683016,58.38239015943839,66.57013834468817
2016-04-01,2016,4,124.4040578646715,58.585437849053136,90.3357355083171
2016-05-01,2016,5,147.16904519538383,49.15661157617212,69.93669465784434
2016-06-01,2016,6,114.57312113022292,48.23071543769823,64.42956903304625
2016-07-01,2016,7,124.13008645972629,53.21425908800637,73.86000708134397
2016-08-01,2016,8,115.1530187262241,55.89653551887962,80.03892121053369
2016-09-01,2016,9,124.37819667823695,50.59058544987414,61.90699142188147
2016-10-01,2016,10,115.67213562110415,33.82570914367678,60.276074608639036
2016-11-01,2016,11,155.71064488169372,42.51096587416017,79.34396586762344
2016-12-01,2016,12,127.2112267822101,58.95710049528168,70.40926580720593
2017-01-01,2017,1,120.70895822192108,49.88633038159998,86.88630113479164
2017-02-01,2017,2,125.03507000627533,48.700463884963995,88.5298141124333
2017-03-01,2017,3,121.79950113206516,61.57131671210563,67.63936763177098
2017-04-01,2017,4,142.40099685795815,45.70835396202716,67.11718569379599
2017-05-01,2017,5,109.7792754066628,38.926533777456854,71.10077606222681
2017-06-01,2017,6,108.12667463966073,38.161756650147225,73.06754862480852
2017-07-01,2017,7,128.6254079643052,64.6497516290775,79.13841570355416
2017-08-01,2017,8,150.0,75.0,75.0
2017-09-01,2017,9,110.80869821758864,62.497789241242785,78.65477507768625
2017-10-01,2017,10,92.25525913647428,49.40909752485746,74.99514392441488
2017-11-01,2017,11,120.02921043824009,46.13987880860888,53.278761710559905
2017-12-01,2017,12,111.4974380310357,53.22291055638128,59.88407628038952
2018-01-01,2018,1,136.49593757751362,45.15373051693062,87.21006003928372
2018-02-01,2018,2,103.93152838763288,37.24606459387168,75.5990507578023
2018-03-01,2018,3,126.50316314949015,56.2282950266722,62.26938609960839
2018-04-01,2018,4,119.56180718464736,55.85402256462388,93.76109542601876
2018-05-01,2018,5,110.16873318342843,41.54983330615248,85.44389958749414
2018-06-01,2018,6,139.61341131314623,40.06835563789775,57.768852365476604
2018-07-01,2018,7,142.34020265770675,70.0652932496813,70.71648161668257
2018-08-01,2018,8,115.93147459615112,51.07961233266687,75.10622196335017
2018-09-01,2018,9,117.36539029619831,56.877224640455026,68.71171236286301
2018-10-01,2018,10,89.06549521660372,40.08395482134695,62.79844354105704
2018-11-01,2018,11,134.48424675467498,38.996349386860295,79.17914607636109
2018-12-01,2018,12,118.40484377210434,66.31906822341375,69.69824132851832
2019-01-01,2019,1,138.18119981089086,35.67944269970046,69.7354533328302
2019-02-01,2019,2,114.32695576220905,32.73998991357266,89.32170986665777
2019-03-01,2019,3,129.15746760035324,54.49054144838454,71.65895554473836
2019-04-01,2019,4,127.75577487813318,46.29540667984197,61.35580853821162
2019-05-01,2019,5,128.5772575940948,38.47041224355485,71.11960196236502
2019-06-01,2019,6,114.38421898879382,37.326233619288416,78.35069522753503
2019-07-01,2019,7,111.15245287014656,51.136508974786324,85.09911697678623
2019-08-01,2019,8,104.04425131761465,49.99322762828479,76.16340056445297
2019-09-01,2019,9,123.87142411570093,46.59691245382332,56.16671646433876
2019-10-01,2019,10,108.28840632307556,41.47838141327523,61.4112268541413
2019-11-01,2019,11,128.5103907191579,61.46297605648638,66.48805489108248
2019-12-01,2019,12,92.19074758830425,30.87899261619495,64.41333274807165
2020-01-01,2020,1,141.13627786826595,65.0,77.59643913022899
2020-02-01,2020,2,128.7224880650248,75.34857257459225,63.28232030741176
2020-03-01,2020,3,121.9053116161653,44.66968433014974,82.18500847036755
2020-04-01,2020,4,109.02313838926175,53.128723215500045,84.29325083504534
2020-05-01,2020,5,108.47409634926682,36.42677163983491,71.79655572653311
2020-06-01,2020,6,113.77061350538817,41.026003782034365,57.12715381134306
2020-07-01,2020,7,130.56504207055735,71.16269448723726,79.40331445016989
2020-08-01,2020,8,123.8556566160596,54.321114509186756,76.24386211333515
2020-09-01,2020,9,126.89724112142086,60.10576552595013,68.96557183414805
2020-10-01,2020,10,134.539882834522,57.632773721596536,67.82711722682495
2020-11-01,2020,11,130.3258608762082,29.630377528460766,68.97556210755036
2020-12-01,2020,12,133.27707740761565,30.97627018624935,64.90079652152745
2021-01-01,2021,1,120.02265568983059,41.84058918148692,67.61606087351124
2021-02-01,2021,2,105.26843468824869,55.32712698033999,79.40948436308868
2021-03-01,2021,3,141.78005905068866,30.850640520171613,66.66620419465646
2021-04-01,2021,4,140.45291636889021,54.605367855224955,85.07106497982699
2021-05-01,2021,5,95.11916972111734,48.125083198608785,59.62593922778989
2021-06-01,2021,6,117.39670649379018,63.103799075643145,85.89323209651207
2021-07-01,2021,7,155.6554263092195,44.65651886339935,78.98645105826178
2021-08-01,2021,8,140.07542177526696,40.96744832906785,74.17265288345934
2021-09-01,2021,9,136.62913363156184,42.84269685090909,66.6707224143908
2021-10-01,2021,10,86.37969760003615,43.33032704941689,60.31219255233066
2021-11-01,2021,11,115.30093141952386,40.22985670170242,83.55339632331082
2021-12-01,2021,12,109.32378416404104,36.13949952608972,69.44483943209144
2022-01-01,2022,1,119.22736856192361,50.748318599541754,61.042676214039105
2022-02-01,2022,2,250.0,125.0,125.0
2022-03-01,2022,3,151.63266492815836,75.81633246407918,75.81633246407918
2022-04-01,2022,4,112.86997697259646,63.739805284838084,75.35132479014013
2022-05-01,2022,5,117.5402553615185,37.34374084323691,74.0826685221437
2022-06-01,2022,6,106.73017284794791,57.916027391996906,91.1319106831987
2022-07-01,2022,7,98.3715999419997,50.989477420955204,45.13337235426419
2022-08-01,2022,8,126.08347339737243,57.710623139375876,77.943642374692
2022-09-01,2022,9,136.93595265784782,52.21322848724812,68.33066185724029
2022-10-01,2022,10,119.99451466177878,40.7934761077875,73.09304391842707
2022-11-01,2022,11,141.65923851935602,39.41356899591517,73.64022489081432
2022-12-01,2022,12,114.08303192158934,51.986293442241305,73.16881083684115
2023-01-01,2023,1,128.3593421426213,43.07876970802329,70.95432471182275
2023-02-01,2023,2,89.88598176621535,56.15554381803648,74.10282699255926
2023-03-01,2023,3,125.75274521793094,40.60679771348124,65.54802759501457
2023-04-01,2023,4,146.62524782346125,47.521557231235946,60.297635394223455
2023-05-01,2023,5,109.66439435165842,52.866012713272475,59.32840066060376
2023-06-01,2023,6,127.69176066407579,50.54657467749628,76.0410501222354
2023-07-01,2023,7,126.2328067848159,50.875733329916656,79.23677616948231
2023-08-01,2023,8,115.60033975474568,50.4167219240028,75.09166976527723
2023-09-01,2023,9,123.71967566345155,29.715353248631715,62.06569651148285
2023-10-01,2023,10,170.0,85.0,85.56029071947648
2023-11-01,2023,11,109.35663573808374,59.87191311312425,64.94484829326646
2023-12-01,2023,12,119.80724826712847,62.08403917261765,63.43831112396248
2024-01-01,2024,1,115.64949687969866,56.013817986166245,66.41628797870763
2024-02-01,2024,2,121.51065138614649,57.65590954743117,75.77184662924745
2024-03-01,2024,3,86.44018003137953,44.70246760907006,51.44907702475491
2024-04-01,2024,4,113.99278333544422,22.088877935068762,59.80645903582988
2024-05-01,2024,5,136.32427452777443,44.37044965570913,89.18957495155013
2024-06-01,2024,6,130.182438850025,61.164753904249785,63.43880530618431
2024-07-01,2024,7,138.35926611529794,44.19661933373086,60.082791020090475
2024-08-01,2024,8,119.18961685478432,43.89665441978976,60.95628494002178
2024-09-01,2024,9,135.7100688054925,54.95500999369046,54.84256657191425
2024-10-01,2024,10,144.75657199337508,43.4101215758518,72.53406392591057
2024-11-01,2024,11,113.18617974990677,44.55507366169129,68.32848145652355
2024-12-01,2024,12,118.68166894419018,40.68595295377783,76.60042359079708
2025-01-01,2025,1,164.8782488718185,45.66844597723257,41.63500865899037
2025-02-01,2025,2,113.28396745942835,52.343009868636045,78.92922287274222
2025-03-01,2025,3,91.90134661190652,63.49914717098157,65.3992232629122
2025-04-01,2025,4,143.8278760366946,62.909002516700745,88.32333959745618
2025-05-01,2025,5,122.75318310075957,43.39423498790089,53.13075306052316
2025-06-01,2025,6,97.97749035015272,46.17154551946554,74.35456203742423
2025-07-01,2025,7,101.25790152106276,54.51419665758916,62.65410184490787
2025-08-01,2025,8,125.9382341423244,43.67964244988323,61.43692394607143
2025-09-01,2025,9,99.22124551181926,25.82419264059402,69.70799449900692
2025-10-01,2025,10,108.210014339671,66.36094751718119,70.98747202303036
2025-11-01,2025,11,98.34975582225621,38.17254378794233,52.493230852545004
2025-12-01,2025,12,121.62560847463085,49.51867545776039,65.47788794491149
